,QUANTITYORDERED,PRICEEACH,ORDERLINENUMBER,SALES,PRODUCTLINE,MSRP,DEALSIZE
0,30,95.7,2,2871.0,1,95,2
1,34,81.35,5,2765.9,1,95,2
2,41,94.74,2,3884.34,1,95,1
3,45,83.26,6,3746.7,1,95,1
4,49,100.0,14,5205.27,1,95,1
5,36,96.66,1,3479.76,1,95,1
6,29,86.13,9,2497.77,1,95,2
7,48,100.0,1,5512.32,1,95,1
8,22,98.57,2,2168.54,1,95,2
9,41,100.0,14,4708.44,1,95,1
10,37,100.0,1,3965.66,1,95,1
11,23,100.0,7,2333.12,1,95,2
12,28,100.0,2,3188.64,1,95,1
13,34,100.0,2,3676.76,1,95,1
14,45,92.83,1,4177.35,1,95,1
15,36,100.0,6,4099.68,1,95,1
16,23,100.0,9,2597.39,1,95,2
17,41,100.0,5,4394.38,1,95,1
18,46,94.74,1,4358.04,1,95,1
19,42,100.0,1,4396.14,1,95,1
20,41,100.0,9,7737.93,1,95,0
21,20,72.55,13,1451.0,1,95,2
22,21,34.91,12,733.11,1,95,2
23,42,76.36,4,3207.12,1,95,1
24,24,100.0,7,2434.56,1,95,2
25,66,100.0,2,7516.08,1,95,0
26,26,100.0,11,5404.62,0,214,1
27,29,100.0,1,7209.11,0,214,0
28,38,100.0,11,7329.06,0,214,0
29,37,100.0,11,7374.1,0,214,0
30,45,100.0,8,10993.5,0,214,0
31,21,100.0,1,4860.24,0,214,1
32,34,100.0,4,8014.82,0,214,0
33,23,100.0,8,5372.57,0,214,1
34,42,100.0,11,7290.36,0,214,0
35,47,100.0,6,9064.89,0,214,0
36,35,100.0,3,6075.3,0,214,1
37,29,100.0,2,6463.23,0,214,1
38,34,100.0,9,6120.34,0,214,1
39,32,100.0,6,7680.64,0,214,0
40,21,100.0,9,4905.39,0,214,1
41,34,100.0,2,8014.82,0,214,0
42,37,100.0,11,7136.19,0,214,0
43,47,100.0,6,10172.7,0,214,0
44,48,100.0,3,11623.7,0,214,0
45,40,100.0,1,6000.4,0,214,1
46,26,100.0,3,3003.0,0,214,1
47,30,100.0,1,3944.7,0,214,1
48,32,100.0,10,5691.84,0,214,1
49,41,100.0,2,4514.92,0,214,1
50,36,100.0,3,8254.8,0,214,0
51,24,100.0,4,2416.56,0,214,2
52,23,100.0,9,4140.23,0,214,1
53,50,100.0,6,12001.0,0,214,0
54,39,99.91,5,3896.49,1,118,1
55,29,96.34,3,2793.86,1,118,2
56,27,100.0,5,3307.77,1,118,1
57,37,100.0,9,5192.95,1,118,1
58,37,100.0,17,5016.83,1,118,1
59,27,100.0,4,3660.93,1,118,1
60,42,100.0,12,4695.6,1,118,1
61,38,96.34,4,3660.92,1,118,1
62,24,100.0,5,3025.92,1,118,1
63,23,100.0,2,3009.09,1,118,1
64,47,100.0,4,5422.39,1,118,1
65,22,100.0,1,2852.08,1,118,2
66,44,100.0,5,5756.52,1,118,1
67,40,100.0,5,4472.0,1,118,1
68,22,100.0,4,2904.44,1,118,2
69,47,100.0,9,6484.59,1,118,1
70,39,96.34,1,3757.26,1,118,1
71,34,100.0,2,4043.96,1,118,1
72,45,100.0,4,5566.5,1,118,1
73,20,100.0,2,3176.0,1,118,1
74,40,68.92,4,2756.8,1,118,2
75,26,51.15,8,1329.9,1,118,2
76,39,100.0,5,5288.01,1,118,1
77,50,44.51,5,2225.5,1,118,2
78,45,100.0,1,5833.8,1,118,1
79,45,100.0,5,5887.35,1,118,1
80,27,100.0,4,6065.55,1,193,1
81,46,100.0,2,9264.86,1,193,0
82,31,100.0,4,7023.98,1,193,0
83,33,100.0,8,5176.38,1,193,1
84,22,100.0,16,4132.7,1,193,1
85,20,100.0,3,4183.0,1,193,1
86,41,100.0,11,8892.9,1,193,0
87,45,100.0,3,8714.7,1,193,0
88,49,100.0,4,8065.89,1,193,0
89,34,100.0,1,6123.4,1,193,1
90,49,100.0,3,9774.03,1,193,0
91,39,100.0,9,7023.9,1,193,0
92,43,100.0,4,7078.23,1,193,0
93,41,100.0,4,8336.94,1,193,0
94,36,100.0,3,6901.92,1,193,1
95,27,100.0,8,5438.07,1,193,1
96,29,100.0,11,6683.34,1,193,1
97,20,100.0,1,4570.4,1,193,1
98,37,100.0,3,7667.14,1,193,0
99,26,100.0,3,5868.2,1,193,1
100,39,76.67,3,2990.13,1,193,2
101,22,100.0,4,3664.1,1,193,1
102,22,100.0,1,3834.38,1,193,1
103,21,86.77,7,1822.17,1,193,2
104,66,100.0,9,11886.6,1,193,0
105,56,100.0,4,9218.16,1,193,0
106,50,100.0,2,7208.0,0,136,0
107,46,100.0,11,5004.8,0,136,1
108,33,100.0,2,4398.24,0,136,1
109,49,100.0,15,5597.76,0,136,1
110,32,100.0,13,4526.08,0,136,1
111,44,100.0,9,5924.16,0,136,1
112,24,100.0,12,3492.48,0,136,1
113,26,100.0,9,3854.24,0,136,1
114,45,100.0,6,5324.4,0,136,1
115,39,100.0,8,5197.92,0,136,1
116,49,100.0,12,5997.6,0,136,1
117,20,100.0,3,2910.4,0,136,2
118,27,100.0,1,3378.24,0,136,1
119,30,100.0,4,3508.8,0,136,1
120,25,100.0,6,2992.0,0,136,2
121,24,100.0,1,3427.2,0,136,1
122,22,100.0,9,2692.8,0,136,2
123,33,100.0,17,4128.96,0,136,1
124,47,64.93,6,3051.71,0,136,1
125,25,48.05,8,1201.25,0,136,2
126,26,75.47,5,1962.22,0,136,2
127,48,54.68,6,2624.64,0,136,2
128,39,100.0,3,4046.25,0,136,1
129,34,100.0,4,4846.7,0,136,1
130,32,100.0,2,3370.56,0,136,1
131,64,100.0,9,9661.44,0,136,0
132,19,100.0,3,2764.88,0,136,2
133,42,100.0,4,5398.26,0,147,1
134,31,100.0,8,4305.28,0,147,1
135,22,100.0,4,3347.74,0,147,1
136,26,100.0,4,3188.12,0,147,1
137,20,100.0,1,3191.2,0,147,1
138,21,100.0,2,3536.82,0,147,1
139,33,100.0,9,5362.83,0,147,1
140,28,100.0,1,3433.36,0,147,1
141,26,100.0,4,4263.74,0,147,1
142,31,100.0,15,4076.19,0,147,1
143,48,100.0,4,7020.48,0,147,0
144,50,100.0,9,6426.5,0,147,1
145,28,100.0,2,4591.72,0,147,1
146,26,100.0,12,4033.38,0,147,1
147,32,100.0,2,4302.08,0,147,1
148,44,100.0,9,7020.64,0,147,0
149,30,100.0,4,3855.9,0,147,1
150,38,100.0,13,6680.78,0,147,1
151,40,100.0,7,6678.0,0,147,1
152,46,61.99,8,2851.54,0,147,2
153,26,100.0,2,3188.12,0,147,1
154,27,100.0,2,4428.0,0,147,1
155,43,100.0,9,5780.92,0,147,1
156,35,65.63,4,2297.05,0,147,2
157,37,100.0,6,6231.54,0,147,1
158,37,46.9,7,1735.3,0,147,2
159,27,100.0,2,4427.73,0,147,1
160,38,100.0,12,5894.94,0,147,1
161,33,100.0,6,5265.15,0,194,1
162,42,100.0,10,7599.9,0,194,0
163,42,100.0,7,8008.56,0,194,0
164,48,100.0,7,9245.76,0,194,0
165,41,100.0,2,8296.35,0,194,0
166,30,100.0,2,5019.9,0,194,1
167,27,100.0,14,5411.07,0,194,1
168,21,100.0,3,3840.9,0,194,1
169,20,100.0,8,3930.4,0,194,1
170,41,100.0,2,7498.9,0,194,0
171,27,100.0,9,4517.91,0,194,1
172,28,100.0,3,5774.72,0,194,1
173,24,100.0,13,3922.56,0,194,1
174,44,100.0,14,9160.36,0,194,0
175,50,100.0,3,9631.0,0,194,0
176,21,100.0,12,3432.24,0,194,1
177,33,100.0,5,5521.89,0,194,1
178,33,100.0,10,6934.62,0,194,1
179,31,100.0,3,6876.11,0,194,1
180,41,71.47,5,2930.27,0,194,2
181,45,79.65,2,3584.25,0,194,1
182,33,85.39,3,2817.87,0,194,2
183,45,76.0,7,3420.0,0,194,1
184,26,99.04,4,2575.04,0,194,2
185,12,100.0,13,1961.28,0,194,2
186,41,100.0,15,8690.36,0,207,0
187,33,100.0,9,6034.38,0,207,1
188,46,100.0,2,11279.2,0,207,0
189,33,100.0,12,8023.29,0,207,0
190,20,100.0,11,4904.0,0,207,1
191,44,100.0,3,8594.52,0,207,0
192,33,100.0,2,7474.5,0,207,0
193,21,100.0,13,3883.74,0,207,1
194,47,100.0,5,8887.7,0,207,0
195,46,100.0,13,8602.92,0,207,0
196,32,100.0,2,7181.44,0,207,0
197,42,100.0,2,8378.58,0,207,0
198,44,100.0,2,10606.2,0,207,0
199,35,100.0,2,5818.4,0,207,1
200,41,100.0,5,7071.27,0,207,0
201,46,100.0,8,8411.56,0,207,0
202,31,100.0,13,6570.76,0,207,1
203,38,100.0,5,7975.44,0,207,0
204,42,64.0,8,2688.0,0,207,2
205,33,57.22,10,1888.26,0,207,2
206,48,52.36,8,2513.28,0,207,2
207,42,100.0,8,4764.48,0,207,1
208,32,100.0,6,3560.64,0,207,1
209,34,100.0,10,3823.64,0,207,1
210,33,69.12,1,2280.96,0,207,2
211,36,100.0,2,8677.8,0,207,0
212,27,100.0,8,3394.98,5,136,1
213,21,100.0,2,3415.44,5,136,1
214,21,100.0,8,2439.57,5,136,2
215,38,100.0,8,4829.8,5,136,1
216,30,100.0,5,4100.1,5,136,1
217,49,100.0,6,6563.06,5,136,1
218,43,100.0,1,6817.22,5,136,1
219,41,100.0,5,6163.94,5,136,1
220,38,100.0,8,4933.92,5,136,1
221,28,100.0,3,4056.36,5,136,1
222,43,100.0,1,5759.42,5,136,1
223,25,100.0,13,3451.0,5,136,1
224,38,100.0,6,5920.4,5,136,1
225,41,100.0,3,6668.24,5,136,1
226,28,100.0,6,4094.72,5,136,1
227,25,100.0,13,2938.5,5,136,2
228,41,100.0,8,6387.8,5,136,1
229,39,100.0,3,6396.0,5,136,1
230,21,100.0,11,2669.1,5,136,2
231,27,100.0,9,4784.13,5,136,1
232,33,99.21,6,3273.93,5,136,1
233,29,100.0,3,3586.43,5,136,1
234,49,100.0,8,5960.36,5,136,1
235,49,100.0,8,8470.14,5,136,0
236,20,100.0,1,2952.0,5,136,2
237,39,63.2,9,2464.8,5,136,2
238,40,100.0,6,6232.0,5,136,1
239,49,100.0,3,7969.36,5,136,0
240,21,100.0,1,3036.6,1,150,1
241,50,100.0,4,8284.0,1,150,0
242,20,100.0,1,2711.2,1,150,2
243,49,100.0,5,8339.8,1,150,0
244,38,100.0,13,6238.84,1,150,1
245,35,100.0,13,4639.25,1,150,1
246,40,100.0,8,6747.6,1,150,1
247,28,100.0,1,4512.48,1,150,1
248,25,100.0,1,4029.0,1,150,1
249,36,100.0,13,4771.8,1,150,1
250,43,100.0,6,6087.94,1,150,1
251,32,100.0,6,4193.28,1,150,1
252,46,100.0,1,7552.28,1,150,0
253,48,100.0,1,6434.4,1,150,1
254,43,100.0,14,5181.5,1,150,1
255,49,100.0,5,6863.92,1,150,1
256,24,100.0,8,4157.04,1,150,1
257,26,100.0,4,4660.24,1,150,1
258,30,100.0,9,4111.8,1,150,1
259,24,100.0,6,3542.64,1,150,1
260,55,100.0,8,8118.55,1,150,0
261,22,100.0,1,3877.06,1,150,1
262,49,78.92,13,3867.08,1,150,1
263,44,100.0,6,5951.44,1,150,1
264,66,100.0,6,8648.64,1,150,0
265,21,100.0,1,3447.78,1,150,1
266,34,100.0,1,5958.5,0,151,1
267,43,100.0,10,5911.64,0,151,1
268,46,100.0,3,7366.44,0,151,0
269,33,100.0,13,4985.64,0,151,1
270,42,100.0,12,5393.64,0,151,1
271,34,100.0,4,4880.02,0,151,1
272,47,100.0,3,8378.69,0,151,0
273,33,100.0,14,4038.21,0,151,1
274,24,100.0,6,3807.12,0,151,1
275,26,100.0,14,3142.36,0,151,1
276,30,100.0,3,4713.6,0,151,1
277,43,100.0,1,7016.31,0,151,0
278,25,100.0,3,4381.25,0,151,1
279,27,100.0,3,4283.01,0,151,1
280,27,100.0,6,4364.82,0,151,1
281,24,100.0,9,4242.24,0,151,1
282,34,100.0,14,4982.7,0,151,1
283,46,100.0,6,6393.54,0,151,1
284,27,54.33,1,1466.91,0,151,2
285,33,100.0,11,4059.33,0,151,1
286,47,100.0,4,4801.52,0,151,1
287,49,55.34,5,2711.66,0,151,2
288,40,100.0,4,5862.0,0,151,1
289,37,100.0,11,4071.85,0,151,1
290,47,100.0,3,8236.75,0,151,0
291,45,100.0,4,6130.35,0,117,1
292,37,99.82,8,3693.34,0,117,1
293,48,100.0,5,6031.68,0,117,1
294,31,100.0,5,3494.94,0,117,1
295,46,100.0,6,5294.14,0,117,1
296,47,100.0,4,5464.69,0,117,1
297,28,100.0,12,2860.76,0,117,2
298,40,100.0,1,5590.0,0,117,1
299,20,100.0,6,2254.8,0,117,2
300,39,100.0,16,4946.76,0,117,1
301,25,99.82,7,2495.5,0,117,2
302,29,100.0,1,3167.38,0,117,1
303,22,100.0,11,2402.84,0,117,2
304,22,100.0,12,2454.54,0,117,2
305,47,100.0,1,5464.69,0,117,1
306,45,100.0,10,4756.5,0,117,1
307,29,100.0,3,3984.6,0,117,1
308,24,100.0,8,3100.32,0,117,1
309,35,100.0,1,4850.3,0,117,1
310,46,83.63,13,3846.98,0,117,1
311,44,95.93,1,4220.92,0,117,1
312,34,96.73,4,3288.82,0,117,1
313,35,100.0,1,3987.2,0,117,1
314,25,72.38,6,1809.5,0,117,2
315,10,100.0,11,1092.2,0,117,2
316,29,100.0,14,4566.05,0,173,1
317,39,100.0,8,5938.14,0,173,1
318,42,100.0,1,8138.76,0,173,0
319,46,100.0,11,9470.94,0,173,0
320,49,100.0,10,7036.89,0,173,0
321,27,100.0,2,5559.03,0,173,1
322,50,100.0,1,7872.5,0,173,0
323,43,100.0,12,7886.2,0,173,0
324,38,100.0,4,7232.16,0,173,0
325,20,100.0,12,3114.4,0,173,1
326,27,100.0,1,5045.22,0,173,1
327,49,100.0,1,6952.12,0,173,1
328,27,100.0,1,4157.73,0,173,1
329,39,100.0,1,7962.24,0,173,0
330,24,100.0,4,3778.8,0,173,1
331,45,100.0,7,8253.0,0,173,0
332,20,100.0,12,3633.4,0,173,1
333,36,100.0,4,6913.8,0,173,1
334,24,100.0,1,2583.6,0,173,2
335,49,63.38,1,3105.62,0,173,1
336,26,100.0,10,4408.56,0,173,1
337,49,62.09,5,3042.41,0,173,1
338,34,100.0,1,5941.5,0,173,1
339,34,95.35,12,3241.9,0,173,1
340,33,100.0,3,6109.29,0,173,1
341,22,100.0,1,3387.78,0,173,1
342,39,89.38,7,3485.82,0,79,1
343,32,63.84,11,2042.88,0,79,2
344,24,75.01,8,1800.24,0,79,2
345,21,63.84,8,1340.64,0,79,2
346,24,73.42,3,1762.08,0,79,2
347,36,63.84,3,2298.24,0,79,2
348,20,81.4,15,1628.0,0,79,2
349,30,64.64,4,1939.2,0,79,2
350,44,82.99,9,3651.56,0,79,1
351,28,92.57,3,2591.96,0,79,2
352,37,77.41,10,2864.17,0,79,2
353,20,74.21,4,1484.2,0,79,2
354,25,90.17,14,2254.25,0,79,2
355,35,76.61,15,2681.35,0,79,2
356,38,83.79,4,3184.02,0,79,1
357,41,69.43,13,2846.63,0,79,2
358,22,76.61,6,1685.42,0,79,2
359,49,81.4,11,3988.6,0,79,1
360,38,73.42,4,2789.96,0,79,2
361,33,100.0,14,3607.56,0,79,1
362,36,93.56,10,3368.16,0,79,1
363,34,81.62,5,2775.08,0,79,2
364,24,67.83,5,1627.92,0,79,2
365,36,70.26,7,2529.36,0,79,2
366,34,90.17,14,3065.78,0,79,1
367,41,100.0,9,4615.78,5,118,1
368,46,100.0,5,5723.78,5,118,1
369,24,100.0,11,2559.6,5,118,2
370,21,100.0,5,2140.11,5,118,2
371,24,100.0,3,3327.6,5,118,1
372,48,100.0,12,6825.6,5,118,1
373,26,100.0,1,3543.28,5,118,1
374,37,100.0,6,4516.22,5,118,1
375,49,100.0,6,6445.46,5,118,1
376,34,99.54,7,3384.36,5,118,1
377,48,100.0,2,4891.68,5,118,1
378,36,100.0,1,4521.96,5,118,1
379,46,100.0,5,5069.66,5,118,1
380,46,100.0,4,6541.2,5,118,1
381,31,97.17,5,3012.27,5,118,1
382,41,100.0,1,5247.18,5,118,1
383,21,100.0,8,2214.87,5,118,2
384,38,100.0,5,4773.18,5,118,1
385,45,100.0,14,6185.7,5,118,1
386,26,58.38,7,1517.88,5,118,2
387,38,100.0,3,6372.6,5,118,1
388,48,100.0,9,5232.96,5,118,1
389,42,64.16,9,2694.72,5,118,2
390,49,35.71,4,1749.79,5,118,2
391,32,66.58,13,2130.56,5,118,2
392,54,100.0,5,5951.34,5,118,1
393,33,100.0,4,4692.6,5,118,1
394,36,100.0,3,3731.04,0,115,1
395,20,100.0,7,2142.0,0,115,2
396,29,97.89,4,2838.81,0,115,2
397,33,97.89,4,3230.37,0,115,1
398,50,100.0,5,5182.0,0,115,1
399,41,100.0,3,4391.1,0,115,1
400,36,100.0,11,4477.32,0,115,1
401,27,100.0,16,3544.56,0,115,1
402,47,100.0,5,5195.85,0,115,1
403,33,100.0,15,4180.44,0,115,1
404,21,100.0,6,2684.43,0,115,2
405,21,93.28,5,1958.88,0,115,2
406,41,100.0,10,4910.57,0,115,1
407,40,100.0,11,4468.4,0,115,1
408,28,100.0,1,3127.88,0,115,1
409,23,100.0,9,2675.13,0,115,2
410,23,100.0,2,2807.61,0,115,2
411,25,100.0,7,2504.75,0,115,2
412,24,100.0,15,2984.88,0,115,2
413,39,64.74,15,2524.86,0,115,2
414,55,75.2,7,4136.0,0,115,1
415,46,88.45,6,4068.7,0,115,1
416,50,100.0,1,5182.0,0,115,1
417,47,100.0,8,5243.79,0,115,1
418,97,93.28,5,9048.16,0,115,0
419,32,100.0,10,3832.64,0,115,1
420,35,100.0,10,3920.0,5,116,1
421,49,100.0,4,4916.66,5,116,1
422,38,100.0,10,3857.0,5,116,1
423,32,100.0,10,4181.44,5,116,1
424,34,100.0,7,4641.0,5,116,1
425,36,99.17,8,3570.12,5,116,1
426,48,93.34,3,4480.32,5,116,1
427,21,96.84,7,2033.64,5,116,2
428,21,93.34,10,1960.14,5,116,2
429,34,100.0,5,3966.78,5,116,1
430,46,100.0,2,5152.0,5,116,1
431,32,100.0,1,3360.0,5,116,1
432,29,100.0,8,3451.0,5,116,1
433,41,100.0,5,5453.0,5,116,1
434,43,96.84,8,4164.12,5,116,1
435,24,100.0,1,2800.08,5,116,2
436,41,100.0,10,4687.94,5,116,1
437,46,98.0,5,4508.0,5,116,1
438,32,100.0,2,4181.44,5,116,1
439,22,100.0,10,2251.04,5,116,2
440,29,40.25,7,1167.25,5,116,2
441,42,49.6,5,2083.2,5,116,2
442,39,98.0,1,3822.0,5,116,1
443,27,100.0,1,3911.49,5,116,1
444,48,98.0,2,4704.0,5,116,1
445,29,85.1,10,2467.9,5,116,2
446,27,100.0,8,3213.0,5,116,1
447,54,100.0,5,7182.0,5,116,0
448,26,100.0,4,4379.18,0,141,1
449,34,100.0,2,5004.8,0,141,1
450,25,100.0,2,3644.75,0,141,1
451,23,100.0,13,2702.04,0,141,2
452,28,100.0,12,3764.88,0,141,1
453,35,100.0,2,4508.0,0,141,1
454,44,100.0,6,5418.16,0,141,1
455,22,100.0,11,3300.66,0,141,1
456,42,100.0,17,6182.4,0,141,1
457,29,100.0,10,4186.73,0,141,1
458,32,100.0,1,4529.28,0,141,1
459,41,100.0,3,5628.89,0,141,1
460,26,100.0,5,3054.48,0,141,1
461,21,100.0,6,2526.51,0,141,2
462,34,100.0,6,4667.86,0,141,1
463,41,100.0,4,6499.32,0,141,1
464,37,100.0,8,5917.78,0,141,1
465,37,100.0,2,6231.91,0,141,1
466,41,100.0,10,5803.14,0,141,1
467,46,100.0,6,6434.02,0,141,1
468,40,100.0,2,6454.4,0,141,1
469,43,97.6,8,4196.8,0,141,1
470,30,87.06,1,2611.8,0,141,2
471,35,100.0,2,5895.05,0,141,1
472,36,93.77,14,3375.72,0,141,1
473,61,100.0,3,8374.69,0,141,0
474,38,100.0,5,4464.24,0,141,1
475,39,100.0,2,4808.31,6,102,1
476,33,99.66,6,3288.78,6,102,1
477,32,100.0,1,3254.72,6,102,1
478,31,100.0,7,3184.94,6,102,1
479,50,100.0,4,5907.5,6,102,1
480,48,91.44,2,4389.12,6,102,1
481,43,100.0,6,5036.16,6,102,1
482,25,87.33,3,2183.25,6,102,2
483,28,100.0,7,3106.88,6,102,1
484,36,100.0,2,3735.72,6,102,1
485,27,89.38,10,2413.26,6,102,2
486,25,100.0,3,2953.75,6,102,2
487,40,100.0,7,4684.8,6,102,1
488,34,95.55,2,3248.7,6,102,1
489,50,100.0,9,5239.5,6,102,1
490,38,100.0,2,4567.98,6,102,1
491,37,95.55,13,3535.35,6,102,1
492,43,89.38,10,3843.34,6,102,1
493,43,86.3,14,3710.9,6,102,1
494,46,95.13,15,4375.98,6,102,1
495,42,36.11,3,1516.62,6,102,2
496,50,50.18,9,2509.0,6,102,2
497,44,100.0,8,9240.44,6,102,0
498,27,93.16,13,2515.32,6,102,2
499,35,100.0,2,5548.9,6,102,1
500,51,95.55,2,4873.05,6,102,1
501,41,50.14,1,2055.74,6,53,2
502,48,49.06,5,2354.88,6,53,2
503,42,54.99,17,2309.58,6,53,2
504,49,43.13,6,2113.37,6,53,2
505,30,58.22,3,1746.6,6,53,2
506,45,51.21,1,2304.45,6,53,2
507,48,44.21,5,2122.08,6,53,2
508,32,54.45,2,1742.4,6,53,2
509,46,53.37,6,2455.02,6,53,2
510,48,63.61,1,3053.28,6,53,1
511,33,43.13,9,1423.29,6,53,2
512,31,48.52,2,1504.12,6,53,2
513,20,58.22,6,1164.4,6,53,2
514,29,51.75,1,1500.75,6,53,2
515,27,57.68,8,1557.36,6,53,2
516,24,56.07,1,1345.68,6,53,2
517,37,48.52,12,1795.24,6,53,2
518,25,44.21,9,1105.25,6,53,2
519,41,57.68,5,2364.88,6,53,2
520,27,89.89,16,2427.03,6,53,2
521,21,58.95,7,1237.95,6,53,2
522,22,72.41,6,1593.02,6,53,2
523,32,98.63,7,3156.16,6,53,1
524,25,52.83,9,1320.75,6,53,2
525,42,100.0,3,4998.0,6,53,1
526,25,51.75,1,1293.75,6,53,2
527,37,100.0,16,5433.08,0,124,1
528,26,100.0,2,3073.72,0,124,1
529,44,99.55,2,4380.2,0,124,1
530,47,100.0,9,5848.68,0,124,1
531,43,100.0,8,6153.73,0,124,1
532,42,100.0,6,4965.24,0,124,1
533,42,100.0,2,5435.64,0,124,1
534,29,100.0,7,4258.36,0,124,1
535,40,100.0,13,4032.0,0,124,1
536,38,100.0,6,4492.36,0,124,1
537,38,100.0,4,4161.38,0,124,1
538,21,100.0,11,2508.66,0,124,2
539,24,100.0,1,3374.88,0,124,1
540,36,100.0,2,5196.6,0,124,1
541,23,100.0,2,2604.52,0,124,2
542,20,100.0,14,2936.8,0,124,2
543,32,100.0,4,3424.64,0,124,1
544,29,100.0,9,2923.2,0,124,2
545,44,100.0,6,4489.76,0,124,1
546,44,100.0,14,4849.24,0,124,1
547,36,100.0,4,5848.92,0,124,1
548,49,56.3,1,2758.7,0,124,2
549,34,42.64,5,1449.76,0,124,2
550,59,100.0,11,7048.14,0,124,0
551,37,100.0,1,5202.94,0,124,1
552,36,100.0,12,5279.4,2,157,1
553,43,100.0,3,6916.12,2,157,1
554,21,100.0,4,2781.66,2,157,2
555,32,100.0,7,5248.0,2,157,1
556,38,100.0,5,6531.44,2,157,1
557,43,100.0,1,5763.72,2,157,1
558,42,100.0,4,6490.68,2,157,1
559,32,100.0,1,6004.8,2,157,1
560,42,100.0,4,7483.98,2,157,0
561,31,100.0,17,5719.5,2,157,1
562,49,100.0,4,6954.08,2,157,1
563,45,100.0,14,8160.3,2,157,0
564,49,100.0,9,6567.96,2,157,1
565,41,100.0,1,6724.0,2,157,1
566,45,100.0,11,5747.85,2,157,1
567,36,100.0,7,5676.84,2,157,1
568,39,100.0,1,7379.97,2,157,0
569,27,100.0,9,3704.13,2,157,1
570,25,100.0,6,2804.75,2,157,2
571,41,100.0,1,5624.79,2,157,1
572,39,99.52,1,3881.28,2,157,1
573,28,57.55,4,1611.4,2,157,2
574,25,54.57,7,1364.25,2,157,2
575,33,100.0,11,4215.09,2,157,1
576,34,100.0,1,6433.82,2,157,1
577,24,100.0,14,4352.16,2,157,1
578,30,100.0,3,5151.0,6,170,1
579,42,100.0,7,6069.0,6,170,1
580,21,100.0,6,2856.0,6,170,2
581,34,100.0,11,5375.4,6,170,1
582,29,100.0,9,5176.5,6,170,1
583,24,100.0,13,3508.8,6,170,1
584,44,100.0,10,7554.8,6,170,0
585,21,100.0,14,3141.6,6,170,1
586,33,100.0,4,5890.5,6,170,1
587,30,100.0,7,5967.0,6,170,1
588,26,100.0,10,3712.8,6,170,1
589,41,100.0,2,7597.3,6,170,0
590,26,100.0,16,3668.6,6,170,1
591,32,100.0,5,5875.2,6,170,1
592,43,100.0,1,7310.0,6,170,0
593,48,100.0,17,8078.4,6,170,0
594,44,74.04,7,3257.76,6,170,1
595,45,100.0,1,7650.0,6,170,0
596,37,100.0,3,4703.81,6,170,1
597,39,100.0,2,5399.55,6,170,1
598,76,100.0,2,14082.8,6,170,0
599,37,100.0,5,5283.6,6,170,1
600,38,82.39,2,3130.82,0,77,1
601,43,72.38,6,3112.34,0,77,1
602,48,79.31,3,3806.88,0,77,1
603,26,82.39,3,2142.14,0,77,2
604,38,88.55,4,3364.9,0,77,1
605,20,63.14,2,1262.8,0,77,2
606,22,73.92,10,1626.24,0,77,2
607,45,90.86,15,4088.7,0,77,1
608,45,85.47,4,3846.15,0,77,1
609,20,66.99,14,1339.8,0,77,2
610,47,64.68,5,3039.96,0,77,1
611,46,73.92,4,3400.32,0,77,1
612,23,83.93,9,1930.39,0,77,2
613,33,74.69,10,2464.77,0,77,2
614,29,90.86,10,2634.94,0,77,2
615,44,82.39,8,3625.16,0,77,1
616,41,92.4,1,3788.4,0,77,1
617,20,91.63,6,1832.6,0,77,2
618,37,78.54,14,2905.98,0,77,2
619,29,100.0,9,2954.81,0,77,2
620,55,65.45,1,3599.75,0,77,1
621,22,100.0,7,3686.54,0,77,1
622,31,67.76,4,2100.56,0,77,2
623,49,79.22,3,3881.78,0,77,1
624,61,73.92,4,4509.12,0,77,1
625,39,83.93,9,3273.27,0,77,1
626,38,100.0,3,4432.7,0,142,1
627,31,100.0,1,4100.99,0,142,1
628,36,100.0,1,5274.72,0,142,1
629,25,100.0,12,4232.0,0,142,1
630,48,100.0,11,6145.44,0,142,1
631,35,100.0,1,4680.2,0,142,1
632,21,100.0,5,3286.08,0,142,1
633,47,100.0,10,7421.3,0,142,0
634,38,100.0,16,6432.64,0,142,1
635,41,100.0,9,4840.87,0,142,1
636,24,100.0,7,3892.08,0,142,1
637,37,100.0,2,5526.32,0,142,1
638,33,100.0,4,4459.62,0,142,1
639,49,100.0,5,6203.4,0,142,1
640,29,100.0,5,3754.05,0,142,1
641,24,100.0,3,3516.48,0,142,1
642,47,100.0,7,7488.04,0,142,0
643,24,100.0,1,3448.08,0,142,1
644,25,100.0,9,3734.0,0,142,1
645,30,32.47,8,974.1,0,142,2
646,22,100.0,3,3160.74,0,142,1
647,27,64.69,2,1746.63,0,142,2
648,34,100.0,3,4207.84,0,142,1
649,36,100.0,6,4352.76,0,142,1
650,34,43.05,15,1463.7,0,142,2
651,48,100.0,2,7169.28,0,142,0
652,34,100.0,4,4594.76,0,142,1
653,24,100.0,8,3457.92,0,163,1
654,46,100.0,4,7381.16,0,163,0
655,45,100.0,10,7146.9,0,163,0
656,39,100.0,4,5938.53,0,163,1
657,43,100.0,2,7110.91,0,163,0
658,29,100.0,11,5032.95,0,163,1
659,20,100.0,10,3667.6,0,163,1
660,46,100.0,5,7381.16,0,163,0
661,27,100.0,5,5128.11,0,163,1
662,44,100.0,6,7060.24,0,163,0
663,43,100.0,1,8448.64,0,163,0
664,49,100.0,8,7300.51,0,163,0
665,40,100.0,4,6549.2,0,163,1
666,30,100.0,3,5697.9,0,163,1
667,50,100.0,4,9169.0,0,163,0
668,23,100.0,13,3238.63,0,163,1
669,26,100.0,7,4554.94,0,163,1
670,27,100.0,4,3934.44,0,163,1
671,42,100.0,13,5776.26,0,163,1
672,47,100.0,8,7207.45,0,163,0
673,49,100.0,6,7460.74,0,163,0
674,38,100.0,8,6719.54,0,163,1
675,20,100.0,10,2428.0,0,163,2
676,25,100.0,7,2602.25,0,163,2
677,25,88.0,5,2200.0,0,163,2
678,41,100.0,4,6712.93,0,163,1
679,28,100.0,3,5318.04,0,163,1
680,50,67.8,2,3390.0,6,60,1
681,32,50.25,6,1608.0,6,60,2
682,42,53.88,5,2262.96,6,60,2
683,24,62.36,10,1496.64,6,60,2
684,27,69.62,8,1879.74,6,60,2
685,26,57.51,12,1495.26,6,60,2
686,38,61.15,9,2323.7,6,60,2
687,42,59.33,13,2491.86,6,60,2
688,23,71.44,3,1643.12,6,60,2
689,21,62.96,6,1322.16,6,60,2
690,28,50.85,9,1423.8,6,60,2
691,33,72.65,1,2397.45,6,60,2
692,25,62.96,15,1574.0,6,60,2
693,28,61.75,4,1729.0,6,60,2
694,46,49.04,2,2255.84,6,60,2
695,30,61.15,16,1834.5,6,60,2
696,38,84.25,9,3201.5,6,60,1
697,40,56.91,2,2276.4,6,60,2
698,45,100.0,4,8884.8,6,60,0
699,27,49.3,1,1331.1,6,60,2
700,42,72.65,1,3051.3,6,60,1
701,36,63.57,4,2288.52,6,60,2
702,29,100.0,12,3772.61,5,122,1
703,39,100.0,3,4164.42,5,122,1
704,45,100.0,14,6295.95,5,122,1
705,47,100.0,8,6287.66,5,122,1
706,49,100.0,6,5412.54,5,122,1
707,46,100.0,15,5984.14,5,122,1
708,48,100.0,4,5891.04,5,122,1
709,46,100.0,9,5984.14,5,122,1
710,35,100.0,9,3608.15,5,122,1
711,43,100.0,10,5752.54,5,122,1
712,26,100.0,4,3765.32,5,122,1
713,22,98.18,8,2159.96,5,122,2
714,34,99.41,7,3379.94,5,122,1
715,50,100.0,8,5093.5,5,122,1
716,48,100.0,4,5773.44,5,122,1
717,41,100.0,11,4528.86,5,122,1
718,36,100.0,8,4816.08,5,122,1
719,29,100.0,2,3416.78,5,122,1
720,33,37.48,10,1236.84,5,122,2
721,46,100.0,6,5814.86,5,122,1
722,38,100.0,7,5223.48,5,122,1
723,20,36.42,11,728.4,5,122,2
724,22,100.0,5,3949.0,5,122,1
725,27,100.0,11,3843.99,5,122,1
726,56,98.18,8,5498.08,5,122,1
727,38,99.41,7,3777.58,5,122,1
728,25,100.0,4,3782.0,6,127,1
729,33,100.0,4,3859.68,6,127,1
730,42,100.0,3,4431.84,6,127,1
731,33,100.0,8,4950.33,6,127,1
732,38,100.0,6,4299.7,6,127,1
733,31,100.0,10,4492.83,6,127,1
734,20,100.0,7,2212.0,6,127,2
735,44,100.0,11,4642.88,6,127,1
736,26,100.0,1,3206.32,6,127,1
737,27,100.0,4,3604.23,6,127,1
738,46,100.0,7,7017.76,6,127,0
739,47,100.0,2,6154.18,6,127,1
740,37,100.0,13,4750.8,6,127,1
741,31,100.0,2,3822.92,6,127,1
742,24,100.0,17,2440.8,6,127,2
743,31,100.0,14,4729.36,6,127,1
744,50,100.0,6,12536.5,6,127,0
745,35,64.69,8,2264.15,6,127,2
746,30,100.0,3,3928.2,6,127,1
747,29,100.0,3,3630.22,6,127,1
748,27,100.0,5,4196.07,6,127,1
749,40,100.0,10,4931.6,6,127,1
750,31,98.99,16,3068.69,6,127,1
751,6,100.0,2,785.64,6,127,2
752,45,100.0,2,4977.0,6,127,1
753,22,54.09,2,1189.98,5,60,2
754,45,68.67,6,3090.15,5,60,1
755,43,65.02,2,2795.86,5,60,2
756,46,61.99,2,2851.54,5,60,2
757,39,69.28,9,2701.92,5,60,2
758,31,71.1,18,2204.1,5,60,2
759,41,69.28,7,2840.48,5,60,2
760,44,60.16,12,2647.04,5,60,2
761,45,70.49,2,3172.05,5,60,1
762,37,69.89,13,2585.93,5,60,2
763,35,61.38,2,2148.3,5,60,2
764,28,59.55,7,1667.4,5,60,2
765,30,61.99,11,1859.7,5,60,2
766,30,49.22,10,1476.6,5,60,2
767,25,69.28,11,1732.0,5,60,2
768,29,57.73,7,1674.17,5,60,2
769,26,57.73,2,1500.98,5,60,2
770,41,53.48,11,2192.68,5,60,2
771,34,52.87,5,1797.58,5,60,2
772,35,61.21,11,2142.35,5,60,2
773,34,61.38,1,2086.92,5,60,2
774,50,100.0,8,6834.5,5,60,1
775,41,61.99,7,2541.59,5,60,2
776,22,96.86,7,2130.92,5,60,2
777,35,48.62,7,1701.7,5,60,2
778,44,38.5,5,1694.0,5,60,2
779,47,61.99,11,2913.53,5,60,2
780,19,49.22,10,935.18,5,60,2
781,34,90.39,2,3073.26,2,84,1
782,29,71.81,8,2082.49,2,84,2
783,49,69.27,3,3394.23,2,84,1
784,30,85.32,14,2559.6,2,84,2
785,21,70.96,9,1490.16,2,84,2
786,50,76.88,7,3844.0,2,84,1
787,47,100.0,9,4724.91,2,84,1
788,24,76.03,3,1824.72,2,84,2
789,27,98.84,4,2668.68,2,84,2
790,33,86.17,10,2843.61,2,84,2
791,35,90.39,9,3163.65,2,84,1
792,31,71.81,1,2226.11,2,84,2
793,25,82.79,4,2069.75,2,84,2
794,27,82.79,7,2235.33,2,84,2
795,31,100.0,9,3116.43,2,84,1
796,45,100.0,8,4781.7,2,84,1
797,27,100.0,2,2810.7,2,84,2
798,27,100.0,1,3515.67,2,84,1
799,42,69.27,2,2909.34,2,84,2
800,21,74.77,18,1570.17,2,84,2
801,34,76.88,15,2613.92,2,84,2
802,42,76.03,3,3193.26,2,84,1
803,15,98.84,4,1482.6,2,84,2
804,29,70.87,6,2055.23,1,60,2
805,46,58.15,4,2674.9,1,60,2
806,30,61.78,6,1853.4,1,60,2
807,30,49.67,10,1490.1,1,60,2
808,42,51.48,18,2162.16,1,60,2
809,46,61.18,5,2814.28,1,60,2
810,25,64.2,13,1605.0,1,60,2
811,32,65.42,5,2093.44,1,60,2
812,30,64.81,6,1944.3,1,60,2
813,40,49.67,3,1986.8,1,60,2
814,28,60.57,5,1695.96,1,60,2
815,23,55.72,2,1281.56,1,60,2
816,29,61.18,6,1774.22,1,60,2
817,34,58.75,6,1997.5,1,60,2
818,37,63.6,5,2353.2,1,60,2
819,20,49.06,10,981.2,1,60,2
820,32,48.46,2,1550.72,1,60,2
821,34,52.09,3,1771.06,1,60,2
822,42,52.7,5,2213.4,1,60,2
823,38,100.0,12,5266.04,1,60,1
824,30,62.16,1,1864.8,1,60,2
825,23,49.67,3,1142.41,1,60,2
826,22,53.3,4,1172.6,1,60,2
827,39,100.0,5,6981.0,1,60,1
828,55,55.72,2,3064.6,1,60,1
829,36,61.18,6,2202.48,1,60,2
830,26,100.0,1,3773.38,6,168,1
831,31,100.0,1,5074.39,6,168,1
832,34,100.0,2,6483.46,6,168,1
833,41,100.0,8,7956.46,6,168,0
834,23,100.0,5,4230.62,6,168,1
835,48,100.0,3,7209.12,6,168,0
836,22,100.0,7,3452.68,6,168,1
837,21,100.0,4,3047.73,6,168,1
838,22,100.0,8,3675.32,6,168,1
839,40,100.0,3,7492.4,6,168,0
840,50,100.0,1,9534.5,6,168,0
841,29,100.0,4,5579.02,6,168,1
842,43,100.0,8,5950.34,6,168,1
843,24,100.0,1,3726.0,6,168,1
844,22,100.0,10,4455.0,6,168,1
845,43,100.0,3,8272.34,6,168,0
846,20,100.0,14,3577.6,6,168,1
847,25,100.0,11,3881.25,6,168,1
848,36,100.0,2,5797.44,6,168,1
849,24,52.67,1,1264.08,6,168,2
850,21,100.0,6,4815.3,6,168,1
851,30,100.0,1,4462.2,6,168,1
852,32,94.79,7,3033.28,6,168,1
853,21,47.18,8,990.78,6,168,2
854,26,78.11,7,2030.86,6,168,2
855,35,100.0,1,5433.75,6,168,1
856,26,100.0,1,3157.44,0,132,1
857,46,100.0,3,5161.2,0,132,1
858,37,100.0,3,4346.76,0,132,1
859,27,100.0,10,3528.36,0,132,1
860,23,100.0,9,3187.8,0,132,1
861,39,100.0,7,6023.16,0,132,1
862,27,100.0,3,3884.76,0,132,1
863,38,100.0,8,4965.84,0,132,1
864,27,100.0,14,4169.88,0,132,1
865,40,100.0,7,4910.4,0,132,1
866,24,100.0,5,3231.36,0,132,1
867,44,100.0,12,6853.44,0,132,1
868,37,100.0,2,5177.04,0,132,1
869,20,100.0,3,2824.8,0,132,2
870,39,100.0,3,4324.32,0,132,1
871,44,100.0,1,5052.96,0,132,1
872,22,100.0,5,3223.44,0,132,1
873,43,100.0,10,5278.68,0,132,1
874,27,100.0,7,2851.2,0,132,2
875,26,64.9,10,1687.4,0,132,2
876,25,52.32,3,1308.0,0,132,2
877,49,100.0,2,6144.6,0,132,1
878,29,100.0,5,5127.2,0,132,1
879,41,100.0,12,6386.16,0,132,1
880,55,100.0,2,7695.6,0,132,0
881,27,83.07,12,2242.89,6,101,2
882,23,100.0,2,2539.89,6,101,2
883,31,90.17,12,2795.27,6,101,2
884,46,100.0,1,5545.76,6,101,1
885,47,91.18,9,4285.46,6,101,1
886,31,100.0,2,3329.09,6,101,1
887,46,100.0,5,5592.22,6,101,1
888,37,89.15,9,3298.55,6,101,1
889,28,93.21,1,2609.88,6,101,2
890,37,90.17,7,3336.29,6,101,1
891,49,100.0,4,5510.05,6,101,1
892,24,100.0,3,2504.4,6,101,2
893,30,100.0,1,3525.6,6,101,1
894,50,88.14,1,4407.0,6,101,1
895,31,96.24,10,2983.44,6,101,2
896,46,100.0,3,5126.24,6,101,1
897,47,100.0,12,5713.79,6,101,1
898,46,100.0,7,4613.8,6,101,1
899,37,100.0,4,3711.1,6,101,1
900,33,100.0,12,3524.73,6,101,1
901,31,90.17,5,2795.27,6,101,2
902,48,100.0,9,4814.4,6,101,1
903,41,87.13,6,3572.33,6,101,1
904,42,100.0,1,4581.36,6,101,1
905,41,100.0,8,4319.76,6,101,1
906,32,45.25,6,1448.0,6,101,2
907,10,88.14,1,881.4,6,101,2
908,35,57.46,14,2011.1,6,62,2
909,28,64.33,2,1801.24,6,62,2
910,46,73.7,14,3390.2,6,62,1
911,20,71.2,3,1424.0,6,62,2
912,30,49.97,11,1499.1,6,62,2
913,48,69.96,4,3358.08,6,62,1
914,28,53.72,2,1504.16,6,62,2
915,39,68.08,11,2655.12,6,62,2
916,24,51.84,3,1244.16,6,62,2
917,28,67.46,9,1888.88,6,62,2
918,31,58.71,6,1820.01,6,62,2
919,45,63.71,5,2866.95,6,62,2
920,24,58.09,3,1394.16,6,62,2
921,49,53.72,3,2632.28,6,62,2
922,32,63.08,1,2018.56,6,62,2
923,43,68.71,5,2954.53,6,62,2
924,37,50.59,14,1871.83,6,62,2
925,24,64.96,9,1559.04,6,62,2
926,35,53.72,6,1880.2,6,62,2
927,41,29.87,13,1224.67,6,62,2
928,26,100.0,17,2979.08,6,62,2
929,34,64.96,10,2208.64,6,62,2
930,49,70.58,5,3458.42,6,62,1
931,28,44.21,6,1237.88,6,62,2
932,40,68.08,4,2723.2,6,62,2
933,37,59.96,3,2218.52,6,62,2
934,31,53.72,3,1665.32,6,62,2
935,41,83.44,18,3421.04,3,86,1
936,21,89.46,9,1878.66,3,86,2
937,40,96.34,2,3853.6,3,86,1
938,46,74.84,13,3442.64,3,86,1
939,44,79.14,11,3482.16,3,86,1
940,46,73.12,7,3363.52,3,86,1
941,41,81.72,10,3350.52,3,86,1
942,32,89.46,7,2862.72,3,86,2
943,46,87.74,4,4036.04,3,86,1
944,28,100.0,6,2817.92,3,86,2
945,49,94.62,10,4636.38,3,86,1
946,21,73.98,1,1553.58,3,86,2
947,32,84.3,15,2697.6,3,86,2
948,34,98.06,2,3334.04,3,86,1
949,21,98.06,4,2059.26,3,86,2
950,21,96.34,13,2023.14,3,86,2
951,31,83.44,7,2586.64,3,86,2
952,21,94.62,15,1987.02,3,86,2
953,25,45.86,5,1146.5,3,86,2
954,28,82.58,3,2312.24,3,86,2
955,43,64.97,6,2793.71,3,86,2
956,22,86.74,5,1908.28,3,86,2
957,37,93.01,5,3441.37,3,86,1
958,28,72.26,18,2023.28,3,86,2
959,30,74.84,7,2245.2,3,86,2
960,44,73.98,1,3255.12,3,86,1
961,25,100.0,13,2539.5,6,104,2
962,43,100.0,1,4818.15,6,104,1
963,30,97.39,13,2921.7,6,104,2
964,20,90.06,2,1801.2,6,104,2
965,26,100.0,10,2804.36,6,104,2
966,40,100.0,3,4900.8,6,104,1
967,31,89.01,1,2759.31,6,104,2
968,22,100.0,10,2488.2,6,104,2
969,23,100.0,2,2769.89,6,104,2
970,30,100.0,8,3581.4,6,104,1
971,49,100.0,5,5285.14,6,104,1
972,31,100.0,4,3181.53,6,104,1
973,29,100.0,2,3340.51,6,104,1
974,37,84.82,2,3138.34,6,104,1
975,38,100.0,11,4775.08,6,104,1
976,29,100.0,4,3006.43,6,104,1
977,23,100.0,13,2866.26,6,104,2
978,26,85.87,8,2232.62,6,104,2
979,38,100.0,5,4457.02,6,104,1
980,48,47.04,7,2257.92,6,104,2
981,40,39.8,18,1592.0,6,104,2
982,45,100.0,11,4948.2,6,104,1
983,44,100.0,4,5160.76,6,104,1
984,21,94.22,5,1978.62,6,104,2
985,35,100.0,5,4288.2,6,104,1
986,29,86.92,2,2520.68,6,104,2
987,21,84.82,2,1781.22,6,104,2
988,22,100.0,11,3065.04,6,136,1
989,26,100.0,5,3551.34,6,136,1
990,41,100.0,2,5544.02,6,136,1
991,47,100.0,8,6034.33,6,136,1
992,31,100.0,7,3641.57,6,136,1
993,43,100.0,2,6930.74,6,136,1
994,23,100.0,9,3675.63,6,136,1
995,28,100.0,9,3442.04,6,136,1
996,49,100.0,1,6893.81,6,136,1
997,24,100.0,9,2622.48,6,136,2
998,33,100.0,3,4417.38,6,136,1
999,22,100.0,6,3606.02,6,136,1
1000,32,100.0,12,3802.56,6,136,1
1001,40,100.0,13,5026.4,6,136,1
1002,43,100.0,1,6695.53,6,136,1
1003,24,100.0,4,2819.28,6,136,2
1004,32,100.0,9,3759.04,6,136,1
1005,20,100.0,1,2731.8,6,136,2
1006,24,69.12,9,1658.88,6,136,2
1007,48,100.0,12,5778.24,6,136,1
1008,44,100.0,1,5191.12,6,136,1
1009,28,100.0,3,3862.88,6,136,1
1010,24,61.52,9,1476.48,6,136,2
1011,33,100.0,2,5273.73,6,136,1
1012,41,100.0,12,4872.03,6,136,1
1013,23,100.0,13,4556.99,0,169,1
1014,46,100.0,5,8257.0,0,169,0
1015,48,100.0,4,8209.44,0,169,0
1016,25,100.0,3,3598.5,0,169,1
1017,22,100.0,15,3837.24,0,169,1
1018,41,100.0,3,8331.61,0,169,0
1019,34,100.0,9,4836.5,0,169,1
1020,32,100.0,14,5418.88,0,169,1
1021,21,100.0,7,3734.01,0,169,1
1022,20,100.0,1,3996.4,0,169,1
1023,47,100.0,16,8754.69,0,169,0
1024,39,100.0,3,5481.45,0,169,1
1025,29,100.0,5,4419.89,0,169,1
1026,45,100.0,7,6324.75,0,169,1
1027,28,100.0,10,4409.72,0,169,1
1028,26,100.0,12,3918.46,0,169,1
1029,50,100.0,10,7620.5,0,169,0
1030,48,100.0,1,8291.04,0,169,0
1031,25,100.0,11,3937.25,0,169,1
1032,40,100.0,11,5554.4,0,169,1
1033,43,100.0,2,6407.86,0,169,1
1034,22,100.0,5,4172.52,0,169,1
1035,47,100.0,1,7083.37,0,169,0
1036,36,100.0,9,7132.68,0,169,0
1037,40,100.0,6,6773.6,0,169,1
1038,27,100.0,8,3657.69,0,169,1
1039,29,100.0,7,4812.55,0,169,1
1040,20,100.0,9,3928.6,0,169,1
1041,42,100.0,7,6401.22,0,169,1
1042,25,100.0,5,4191.25,0,169,1
1043,36,100.0,5,5852.52,0,169,1
1044,21,100.0,12,2844.87,0,169,2
1045,23,100.0,9,4011.66,0,169,1
1046,37,100.0,9,7455.87,0,169,0
1047,48,100.0,3,8940.96,0,169,0
1048,25,100.0,3,4572.25,0,169,1
1049,33,100.0,11,5700.09,0,169,1
1050,27,100.0,12,3155.49,0,169,1
1051,27,100.0,11,4170.69,0,169,1
1052,20,100.0,3,2878.8,0,169,2
1053,30,100.0,4,5029.5,0,169,1
1054,48,100.0,6,7396.8,0,169,0
1055,32,93.49,12,2991.68,0,169,2
1056,34,100.0,1,6275.72,0,169,1
1057,27,56.85,9,1534.95,0,169,2
1058,39,100.0,3,7264.53,0,169,0
1059,47,100.0,6,6869.05,0,169,1
1060,22,100.0,5,3353.02,0,169,1
1061,55,100.0,1,8289.05,0,169,0
1062,60,100.0,9,11887.8,0,169,0
1063,35,100.0,6,5926.9,0,169,1
1064,28,100.0,8,3793.16,0,169,1
1065,38,100.0,13,4330.1,4,100,1
1066,21,95.8,7,2011.8,4,100,2
1067,41,100.0,4,4837.18,4,100,1
1068,22,97.81,10,2151.82,4,100,2
1069,29,88.74,9,2573.46,4,100,2
1070,50,100.0,1,5344.5,4,100,1
1071,29,100.0,11,3070.52,4,100,1
1072,49,80.67,11,3952.83,4,100,1
1073,35,100.0,3,3564.75,4,100,1
1074,48,100.0,11,5614.56,4,100,1
1075,23,80.67,5,1855.41,4,100,2
1076,48,95.8,8,4598.4,4,100,1
1077,42,100.0,14,5082.42,4,100,1
1078,47,100.0,15,5450.59,4,100,1
1079,36,100.0,3,4174.92,4,100,1
1080,22,100.0,6,2418.24,4,100,2
1081,40,91.76,11,3670.4,4,100,1
1082,23,100.0,3,2481.7,4,100,2
1083,32,100.0,6,3807.68,4,100,1
1084,21,100.0,7,2230.41,4,100,2
1085,41,93.04,2,3814.64,4,100,1
1086,25,84.71,5,2117.75,4,100,2
1087,26,100.0,12,3340.48,4,100,1
1088,24,89.75,4,2154.0,4,100,2
1089,48,100.0,14,5808.48,4,100,1
1090,26,68.35,9,1777.1,0,80,2
1091,21,73.17,13,1536.57,0,80,2
1092,45,78.0,10,3510.0,0,80,1
1093,36,86.04,10,3097.44,0,80,1
1094,21,81.21,5,1705.41,0,80,2
1095,32,70.76,5,2264.32,0,80,2
1096,30,82.82,17,2484.6,0,80,2
1097,36,94.88,6,3415.68,0,80,1
1098,33,86.04,11,2839.32,0,80,2
1099,35,78.0,5,2730.0,0,80,2
1100,37,95.69,12,3540.53,0,80,1
1101,41,73.17,6,2999.97,0,80,2
1102,20,76.39,2,1527.8,0,80,2
1103,45,86.84,2,3907.8,0,80,1
1104,38,69.96,6,2658.48,0,80,2
1105,43,70.76,15,3042.68,0,80,1
1106,49,78.8,8,3861.2,0,80,1
1107,27,80.41,13,2171.07,0,80,2
1108,46,73.98,1,3403.08,0,80,1
1109,38,59.1,10,2245.8,0,80,2
1110,25,66.74,5,1668.5,0,80,2
1111,46,60.3,10,2773.8,0,80,2
1112,22,100.0,4,2464.0,0,80,2
1113,40,100.0,9,5491.6,0,80,1
1114,46,100.0,16,4791.82,6,99,1
1115,39,100.0,4,4178.85,6,99,1
1116,38,82.34,16,3128.92,6,99,1
1117,30,100.0,5,3095.4,6,99,1
1118,42,94.25,2,3958.5,6,99,1
1119,43,100.0,6,4991.44,6,99,1
1120,29,95.24,4,2761.96,6,99,2
1121,33,86.31,1,2848.23,6,99,2
1122,32,79.37,5,2539.84,6,99,2
1123,28,87.3,11,2444.4,6,99,2
1124,41,100.0,8,4555.92,6,99,1
1125,33,100.0,1,3666.96,6,99,1
1126,36,84.33,5,3035.88,6,99,1
1127,26,89.29,5,2321.54,6,99,2
1128,34,100.0,7,3474.46,6,99,1
1129,26,96.23,2,2501.98,6,99,2
1130,38,100.0,11,3958.46,6,99,1
1131,33,100.0,8,3535.95,6,99,1
1132,33,91.27,2,3011.91,6,99,1
1133,46,100.0,2,11336.7,6,99,0
1134,26,100.0,12,2656.94,6,99,2
1135,25,100.0,3,2604.25,6,99,2
1136,45,73.08,4,3288.6,6,99,1
1137,50,100.0,7,8935.5,6,99,0
1138,36,100.0,1,4035.96,6,99,1
1139,21,89.29,5,1875.09,6,99,2
1140,29,100.0,8,4049.56,0,146,1
1141,21,100.0,12,2469.39,0,146,2
1142,42,100.0,9,5432.7,0,146,1
1143,37,100.0,9,4405.22,0,146,1
1144,25,100.0,4,3638.0,0,146,1
1145,36,100.0,4,4444.92,0,146,1
1146,22,100.0,16,3395.48,0,146,1
1147,23,100.0,5,3414.58,0,146,1
1148,32,100.0,10,5127.04,0,146,1
1149,28,100.0,4,3745.28,0,146,1
1150,27,100.0,11,4564.08,0,146,1
1151,49,100.0,5,6554.24,0,146,1
1152,41,100.0,1,6749.83,0,146,1
1153,49,100.0,1,8427.02,0,146,0
1154,30,100.0,5,3924.6,0,146,1
1155,40,100.0,14,6761.6,0,146,1
1156,23,100.0,7,3786.49,0,146,1
1157,49,100.0,12,6266.12,0,146,1
1158,25,100.0,5,3491.0,0,146,1
1159,37,100.0,3,4405.22,0,146,1
1160,55,100.0,7,6548.3,0,146,1
1161,23,100.0,7,3177.91,0,146,1
1162,24,100.0,11,4142.64,0,146,1
1163,43,96.49,10,4149.07,0,146,1
1164,50,100.0,1,7397.0,0,146,0
1165,47,100.0,2,6241.6,0,141,1
1166,34,100.0,4,5331.88,0,141,1
1167,31,100.0,4,5124.3,0,141,1
1168,28,100.0,11,3639.44,0,141,1
1169,36,100.0,10,5544.0,0,141,1
1170,48,100.0,8,5493.12,0,141,1
1171,39,100.0,4,5785.26,0,141,1
1172,45,100.0,9,5340.6,0,141,1
1173,35,100.0,15,5735.8,0,141,1
1174,45,100.0,8,6357.6,0,141,1
1175,46,100.0,6,7343.9,0,141,0
1176,37,100.0,1,5959.22,0,141,1
1177,31,100.0,3,4029.38,0,141,1
1178,33,100.0,4,5035.14,0,141,1
1179,31,100.0,4,4116.8,0,141,1
1180,27,100.0,2,4310.55,0,141,1
1181,39,100.0,6,6446.7,0,141,1
1182,32,100.0,11,3616.64,0,141,1
1183,28,100.0,8,4232.76,0,141,1
1184,26,67.91,12,1765.66,0,141,2
1185,44,84.88,2,3734.72,0,141,1
1186,46,100.0,6,4808.38,0,141,1
1187,32,70.83,4,2266.56,0,141,2
1188,65,100.0,1,10468.9,0,141,0
1189,43,100.0,3,5589.14,0,141,1
1190,43,67.77,12,2914.11,1,62,2
1191,35,49.74,16,1740.9,1,62,2
1192,45,50.36,13,2266.2,1,62,2
1193,47,67.14,2,3155.58,1,62,1
1194,21,64.66,8,1357.86,1,62,2
1195,38,68.39,8,2598.82,1,62,2
1196,21,50.36,3,1057.56,1,62,2
1197,43,72.74,9,3127.82,1,62,1
1198,46,54.09,8,2488.14,1,62,2
1199,38,58.44,1,2220.72,1,62,2
1200,26,52.22,1,1357.72,1,62,2
1201,31,52.84,5,1638.04,1,62,2
1202,48,54.71,3,2626.08,1,62,2
1203,33,50.36,9,1661.88,1,62,2
1204,38,57.2,1,2173.6,1,62,2
1205,39,55.95,3,2182.05,1,62,2
1206,42,67.14,16,2819.88,1,62,2
1207,44,59.06,4,2598.64,1,62,2
1208,29,69.63,2,2019.27,1,62,2
1209,26,55.95,8,1454.7,1,62,2
1210,31,53.47,1,1657.57,1,62,2
1211,32,89.12,12,2851.84,1,62,2
1212,28,100.0,9,4609.64,1,62,1
1213,36,100.0,2,5079.96,1,62,1
1214,36,52.22,1,1879.92,1,62,2
1215,41,100.0,17,4774.86,6,105,1
1216,27,99.52,8,2687.04,6,105,2
1217,33,100.0,1,3423.75,6,105,1
1218,34,100.0,12,3455.76,6,105,1
1219,29,100.0,10,3622.97,6,105,1
1220,34,100.0,6,3599.58,6,105,1
1221,48,100.0,9,5386.56,6,105,1
1222,46,100.0,6,4918.78,6,105,1
1223,22,100.0,3,2538.8,6,105,2
1224,20,100.0,5,2498.6,6,105,2
1225,45,85.75,9,3858.75,6,105,1
1226,46,100.0,5,5600.5,6,105,1
1227,34,100.0,14,4103.46,6,105,1
1228,50,85.75,1,4287.5,6,105,1
1229,46,100.0,3,5795.54,6,105,1
1230,22,84.7,12,1863.4,6,105,2
1231,48,86.81,6,4166.88,6,105,1
1232,47,86.81,14,4080.07,6,105,1
1233,34,100.0,6,3815.48,6,105,1
1234,45,100.0,2,5526.45,6,105,1
1235,20,100.0,2,3374.6,6,105,1
1236,50,60.49,6,3024.5,6,105,1
1237,22,57.55,6,1266.1,6,105,2
1238,45,100.0,17,4811.85,6,105,1
1239,58,100.0,6,7307.42,6,105,0
1240,51,100.0,5,6209.25,6,105,1
1241,38,100.0,3,5348.5,0,143,1
1242,22,100.0,12,2780.58,0,143,2
1243,25,100.0,5,3447.0,0,143,1
1244,24,100.0,15,3791.52,0,143,1
1245,35,100.0,1,4524.1,0,143,1
1246,28,100.0,6,3337.6,0,143,1
1247,36,100.0,5,5532.12,0,143,1
1248,39,100.0,16,5096.91,0,143,1
1249,27,100.0,8,4537.08,0,143,1
1250,40,100.0,1,6146.8,0,143,1
1251,50,100.0,5,8258.0,0,143,0
1252,42,100.0,3,7238.28,0,143,0
1253,48,100.0,5,6756.0,0,143,1
1254,25,100.0,5,3734.0,0,143,1
1255,31,100.0,8,4674.8,0,143,1
1256,44,100.0,2,7140.76,0,143,0
1257,23,100.0,16,3600.65,0,143,1
1258,29,100.0,8,4206.74,0,143,1
1259,49,100.0,13,5379.71,0,143,1
1260,36,100.0,3,5679.36,0,143,1
1261,34,100.0,5,4394.84,0,143,1
1262,25,100.0,13,2528.25,0,143,2
1263,48,100.0,6,7031.52,0,143,0
1264,38,100.0,1,5340.9,0,143,1
1265,37,100.0,1,6376.58,0,143,1
1266,49,100.0,5,6896.75,0,143,1
1267,22,86.51,4,1903.22,6,92,2
1268,28,89.27,8,2499.56,6,92,2
1269,36,85.59,7,3081.24,6,92,1
1270,34,100.0,1,3598.22,6,92,1
1271,39,100.0,10,3912.09,6,92,1
1272,21,75.46,14,1584.66,6,92,2
1273,36,100.0,11,3942.72,6,92,1
1274,24,97.55,15,2341.2,6,92,2
1275,29,85.59,5,2482.11,6,92,2
1276,38,94.79,1,3602.02,6,92,1
1277,34,100.0,11,3566.94,6,92,1
1278,42,90.19,3,3787.98,6,92,1
1279,35,100.0,17,3704.05,6,92,1
1280,35,80.99,6,2834.65,6,92,2
1281,38,89.27,2,3392.26,6,92,1
1282,41,81.91,1,3358.31,6,92,1
1283,50,100.0,2,7310.0,6,92,0
1284,21,100.0,4,2203.11,6,92,2
1285,43,62.72,8,2696.96,6,92,2
1286,32,100.0,1,3376.64,6,92,1
1287,6,90.19,3,541.14,6,92,2
1288,66,92.95,6,6134.7,6,92,1
1289,41,82.5,10,3382.5,6,87,1
1290,23,97.42,4,2240.66,6,87,2
1291,43,92.16,1,3962.88,6,87,1
1292,24,70.22,7,1685.28,6,87,2
1293,22,83.38,6,1834.36,6,87,2
1294,26,73.73,1,1916.98,6,87,2
1295,35,74.6,8,2611.0,6,87,2
1296,47,77.24,8,3630.28,6,87,1
1297,50,100.0,14,5090.5,6,87,1
1298,45,87.77,8,3949.65,6,87,1
1299,39,89.53,2,3491.67,6,87,1
1300,23,89.53,5,2059.19,6,87,2
1301,42,75.48,11,3170.16,6,87,1
1302,20,89.53,9,1790.6,6,87,2
1303,33,71.09,12,2345.97,6,87,2
1304,34,100.0,14,3580.88,6,87,1
1305,49,100.0,3,4946.06,6,87,1
1306,39,90.4,8,3525.6,6,87,1
1307,36,100.0,7,3602.16,6,87,1
1308,50,86.01,5,4300.5,6,87,1
1309,29,100.0,2,4498.19,6,87,1
1310,30,100.0,3,3023.1,6,87,1
1311,41,86.89,7,3562.49,6,87,1
1312,28,58.58,7,1640.24,6,87,2
1313,45,100.0,5,4739.4,6,87,1
1314,16,75.48,11,1207.68,6,87,2
1315,36,100.0,5,4228.2,5,121,1
1316,41,100.0,9,4815.45,5,121,1
1317,50,100.0,5,7083.0,5,121,0
1318,40,100.0,5,4601.2,5,121,1
1319,49,100.0,2,6467.02,5,121,1
1320,45,100.0,3,5012.55,5,121,1
1321,47,100.0,10,5121.59,5,121,1
1322,21,100.0,2,2441.04,5,121,2
1323,32,100.0,5,4262.08,5,121,1
1324,47,100.0,16,6658.02,5,121,1
1325,38,100.0,5,4509.08,5,121,1
1326,41,100.0,10,4716.23,5,121,1
1327,21,100.0,3,2390.22,5,121,2
1328,41,100.0,13,4666.62,5,121,1
1329,38,100.0,3,5383.08,5,121,1
1330,25,99.29,10,2482.25,5,121,2
1331,48,100.0,5,5288.64,5,121,1
1332,22,99.29,14,2184.38,5,121,2
1333,28,100.0,8,2881.76,5,121,2
1334,47,100.0,1,6203.06,5,121,1
1335,49,100.0,4,6763.47,5,121,1
1336,45,100.0,4,5884.65,5,121,1
1337,28,100.0,2,3559.64,5,121,1
1338,29,57.53,6,1668.37,5,121,2
1339,39,100.0,1,4890.6,5,121,1
1340,46,100.0,3,5235.72,5,121,1
1341,38,100.0,13,4325.16,5,121,1
1342,41,47.29,9,1938.89,6,50,2
1343,50,49.81,3,2490.5,6,50,2
1344,43,53.83,9,2314.69,6,50,2
1345,29,43.27,9,1254.83,6,50,2
1346,30,42.76,6,1282.8,6,50,2
1347,25,53.83,7,1345.75,6,50,2
1348,49,44.78,2,2194.22,6,50,2
1349,40,49.3,6,1972.0,6,50,2
1350,41,44.78,9,1835.98,6,50,2
1351,21,53.33,4,1119.93,6,50,2
1352,46,45.28,1,2082.88,6,50,2
1353,39,40.25,14,1569.75,6,50,2
1354,45,59.87,7,2694.15,6,50,2
1355,21,59.87,4,1257.27,6,50,2
1356,44,58.36,7,2567.84,6,50,2
1357,44,59.87,14,2634.28,6,50,2
1358,29,51.82,9,1502.78,6,50,2
1359,34,49.3,4,1676.2,6,50,2
1360,39,56.85,1,2217.15,6,50,2
1361,38,100.0,6,6832.02,6,50,1
1362,24,79.86,8,1916.64,6,50,2
1363,29,100.0,6,7110.8,6,50,0
1364,30,100.0,8,5302.8,6,50,1
1365,20,100.0,2,2730.0,6,50,2
1366,39,100.0,2,7827.3,6,50,0
1367,35,59.87,7,2095.45,6,50,2
1368,26,59.87,4,1556.62,6,50,2
1369,44,100.0,11,5565.12,0,148,1
1370,28,100.0,15,3583.16,0,148,1
1371,31,100.0,12,4705.18,0,148,1
1372,29,100.0,1,4444.54,0,148,1
1373,32,100.0,7,4618.88,0,148,1
1374,33,100.0,7,4910.4,0,148,1
1375,44,100.0,2,5565.12,0,148,1
1376,32,100.0,8,4237.76,0,148,1
1377,41,100.0,7,5673.58,0,148,1
1378,35,100.0,14,5260.15,0,148,1
1379,44,100.0,8,6350.96,0,148,1
1380,26,100.0,4,3559.4,0,148,1
1381,20,100.0,2,2410.6,0,148,2
1382,48,100.0,8,5713.92,0,148,1
1383,34,100.0,17,4300.32,0,148,1
1384,49,100.0,2,7947.31,0,148,0
1385,40,100.0,15,5356.8,0,148,1
1386,45,100.0,3,7901.1,0,148,0
1387,50,100.0,4,6101.0,0,148,1
1388,38,100.0,11,6276.46,0,148,1
1389,25,100.0,2,4203.5,0,148,1
1390,28,58.18,13,1629.04,0,148,2
1391,49,67.14,8,3289.86,0,148,1
1392,49,100.0,3,6862.94,0,148,1
1393,42,61.29,9,2574.18,0,71,2
1394,23,57.73,8,1327.79,0,71,2
1395,29,81.25,2,2356.25,0,71,2
1396,25,80.54,1,2013.5,0,71,2
1397,39,71.98,15,2807.22,0,71,2
1398,44,69.84,12,3072.96,0,71,1
1399,25,76.26,16,1906.5,0,71,2
1400,45,76.26,6,3431.7,0,71,1
1401,25,83.39,2,2084.75,0,71,2
1402,37,57.73,12,2136.01,0,71,2
1403,30,66.99,4,2009.7,0,71,2
1404,36,75.55,1,2719.8,0,71,2
1405,26,60.58,1,1575.08,0,71,2
1406,23,73.41,7,1688.43,0,71,2
1407,23,72.7,3,1672.1,0,71,2
1408,25,66.99,2,1674.75,0,71,2
1409,21,100.0,3,3472.98,0,71,1
1410,26,63.43,5,1649.18,0,71,2
1411,44,85.25,9,3751.0,0,71,1
1412,24,100.0,2,4536.0,0,71,1
1413,66,66.99,4,4421.34,0,71,1
1414,36,57.73,7,2078.28,0,71,2
1415,36,85.25,13,3069.0,0,73,1
1416,22,77.9,12,1713.8,0,73,2
1417,25,60.26,6,1506.5,0,73,2
1418,37,72.76,5,2692.12,0,73,2
1419,32,75.69,3,2422.08,0,73,2
1420,47,74.22,16,3488.34,0,73,1
1421,37,69.82,4,2583.34,0,73,2
1422,20,62.47,10,1249.4,0,73,2
1423,41,82.31,3,3374.71,0,73,1
1424,21,60.26,1,1265.46,0,73,2
1425,22,76.43,8,1681.46,0,73,2
1426,40,80.1,5,3204.0,0,73,1
1427,32,74.96,5,2398.72,0,73,2
1428,36,66.14,11,2381.04,0,73,2
1429,27,72.02,1,1944.54,0,73,2
1430,26,87.45,6,2273.7,0,73,2
1431,30,70.55,3,2116.5,0,73,2
1432,23,56.84,4,1307.32,0,73,2
1433,29,59.53,7,1726.37,0,73,2
1434,21,60.37,10,1267.77,0,73,2
1435,34,100.0,3,3441.82,0,73,1
1436,26,76.43,8,1987.18,0,73,2
1437,60,64.67,11,3880.2,0,73,1
1438,35,55.49,6,1942.15,0,57,2
1439,47,69.36,2,3259.92,0,57,1
1440,20,60.69,8,1213.8,0,57,2
1441,20,54.33,2,1086.6,0,57,2
1442,25,65.31,4,1632.75,0,57,2
1443,25,69.36,9,1734.0,0,57,2
1444,27,68.78,8,1857.06,0,57,2
1445,31,60.11,3,1863.41,0,57,2
1446,44,66.47,3,2924.68,0,57,2
1447,49,46.82,4,2294.18,0,57,2
1448,26,56.07,8,1457.82,0,57,2
1449,36,54.33,6,1955.88,0,57,2
1450,44,52.6,2,2314.4,0,57,2
1451,28,46.82,1,1310.96,0,57,2
1452,45,64.74,2,2913.3,0,57,2
1453,29,46.82,11,1357.78,0,57,2
1454,40,53.75,5,2150.0,0,57,2
1455,45,61.85,2,2783.25,0,57,2
1456,44,53.18,11,2339.92,0,57,2
1457,25,69.16,14,1729.0,0,57,2
1458,45,100.0,4,5972.4,0,57,1
1459,48,47.4,4,2275.2,0,57,2
1460,44,60.76,14,2673.44,0,57,2
1461,25,97.27,12,2431.75,0,57,2
1462,22,91.76,2,2018.72,0,57,2
1463,31,50.29,2,1558.99,0,57,2
1464,21,52.6,2,1104.6,0,57,2
1465,55,46.82,1,2575.1,0,57,2
1466,25,100.0,3,2845.75,1,112,2
1467,35,98.05,1,3431.75,1,112,1
1468,35,93.54,3,3273.9,1,112,1
1469,43,95.8,7,4119.4,1,112,1
1470,44,100.0,15,5355.68,1,112,1
1471,50,100.0,2,5747.5,1,112,1
1472,48,100.0,10,5355.36,1,112,1
1473,25,100.0,2,2535.75,1,112,2
1474,39,100.0,3,4351.23,1,112,1
1475,25,90.16,15,2254.0,1,112,2
1476,32,91.29,2,2921.28,1,112,2
1477,20,100.0,8,2299.0,1,112,2
1478,26,100.0,3,2637.18,1,112,2
1479,42,100.0,3,4307.52,1,112,1
1480,21,100.0,2,2153.76,1,112,2
1481,34,100.0,7,3716.88,1,112,1
1482,47,100.0,10,5455.76,1,112,1
1483,21,100.0,6,2650.62,1,112,2
1484,48,100.0,2,6437.28,1,112,1
1485,30,87.78,7,2633.4,1,112,2
1486,27,84.39,10,2278.53,1,112,2
1487,50,96.92,2,4846.0,1,112,1
1488,38,100.0,6,4197.1,1,112,1
1489,45,100.0,1,4597.65,1,112,1
1490,46,100.0,8,5287.7,1,112,1
1491,35,100.0,3,3550.05,1,112,1
1492,29,59.37,15,1721.73,0,50,2
1493,50,59.87,1,2993.5,0,50,2
1494,26,49.81,1,1295.06,0,50,2
1495,47,56.85,8,2671.95,0,50,2
1496,23,53.33,7,1226.59,0,50,2
1497,34,42.76,5,1453.84,0,50,2
1498,34,53.83,1,1830.22,0,50,2
1499,47,53.83,6,2530.01,0,50,2
1500,45,49.81,12,2241.45,0,50,2
1501,45,53.33,5,2399.85,0,50,2
1502,36,43.27,3,1557.72,0,50,2
1503,21,40.25,10,845.25,0,50,2
1504,28,48.3,1,1352.4,0,50,2
1505,35,45.28,1,1584.8,0,50,2
1506,50,52.32,13,2616.0,0,50,2
1507,22,51.32,3,1129.04,0,50,2
1508,45,49.3,8,2218.5,0,50,2
1509,48,42.26,5,2028.48,0,50,2
1510,20,87.96,5,1759.2,0,50,2
1511,27,36.21,6,977.67,0,50,2
1512,38,38.5,11,1463.0,0,50,2
1513,32,100.0,3,3970.56,0,50,1
1514,64,40.25,10,2576.0,0,50,2
1515,37,60.37,13,2233.69,0,50,2
1516,28,88.63,4,2481.64,2,109,2
1517,39,100.0,10,4651.53,2,109,1
1518,41,94.1,5,3858.1,2,109,1
1519,40,87.54,16,3501.6,2,109,1
1520,49,100.0,11,6433.7,2,109,1
1521,27,98.48,9,2658.96,2,109,2
1522,34,100.0,11,3608.76,2,109,1
1523,23,96.29,5,2214.67,2,109,2
1524,31,88.63,6,2747.53,2,109,2
1525,34,97.38,1,3310.92,2,109,1
1526,25,95.2,11,2380.0,2,109,2
1527,22,100.0,3,2310.88,2,109,2
1528,32,100.0,6,4061.76,2,109,1
1529,31,100.0,9,3493.7,2,109,1
1530,25,100.0,1,2872.25,2,109,2
1531,47,87.54,14,4114.38,2,109,1
1532,21,50.65,7,1063.65,2,109,2
1533,28,71.73,2,2008.44,2,109,2
1534,46,94.1,3,4328.6,2,109,1
1535,33,41.71,11,1376.43,2,109,2
1536,43,100.0,16,5552.16,2,109,1
1537,38,96.29,5,3659.02,2,109,1
1538,47,88.63,6,4165.61,2,109,1
1539,45,31.2,3,1404.0,6,33,2
1540,20,35.51,3,710.2,6,33,2
1541,45,37.84,2,1702.8,6,33,2
1542,36,33.19,7,1194.84,6,33,2
1543,37,27.22,5,1007.14,6,33,2
1544,31,31.53,9,977.43,6,33,2
1545,39,36.84,6,1436.76,6,33,2
1546,26,29.21,10,759.46,6,33,2
1547,32,37.17,5,1189.44,6,33,2
1548,20,34.19,3,683.8,6,33,2
1549,42,29.21,6,1226.82,6,33,2
1550,33,29.54,1,974.82,6,33,2
1551,20,28.88,12,577.6,6,33,2
1552,29,38.17,1,1106.93,6,33,2
1553,23,30.2,16,694.6,6,33,2
1554,39,29.54,13,1152.06,6,33,2
1555,20,100.0,3,2624.0,6,33,2
1556,45,81.91,6,3685.95,6,33,1
1557,20,35.18,6,703.6,6,33,2
1558,48,100.0,5,9720.0,6,33,0
1559,23,36.29,13,834.67,6,33,2
1560,32,70.56,4,2257.92,6,33,2
1561,33,100.0,8,8344.71,6,33,0
1562,61,29.54,1,1801.94,6,33,2
1563,45,26.88,1,1209.6,6,33,2
1564,38,83.03,7,3155.14,1,76,1
1565,34,83.79,5,2848.86,1,76,2
1566,43,83.03,7,3570.29,1,76,1
1567,47,83.03,11,3902.41,1,76,1
1568,22,67.03,1,1474.66,1,76,2
1569,29,75.41,6,2186.89,1,76,2
1570,28,68.55,14,1919.4,1,76,2
1571,40,91.4,6,3656.0,1,76,1
1572,25,73.88,7,1847.0,1,76,2
1573,30,61.7,4,1851.0,1,76,2
1574,38,69.31,6,2633.78,1,76,2
1575,36,87.6,3,3153.6,1,76,1
1576,32,87.6,1,2803.2,1,76,2
1577,37,62.46,7,2311.02,1,76,2
1578,30,79.98,6,2399.4,1,76,2
1579,39,70.08,11,2733.12,1,76,2
1580,32,65.51,1,2096.32,1,76,2
1581,47,63.22,4,2971.34,1,76,2
1582,26,86.83,6,2257.58,1,76,2
1583,37,94.43,4,3493.91,1,76,1
1584,55,79.98,8,4398.9,1,76,1
1585,21,100.0,8,3595.62,1,76,1
1586,23,100.0,9,2443.29,1,76,2
1587,49,81.4,2,3988.6,1,76,1
1588,59,87.6,3,5168.4,1,76,1
1589,32,87.6,1,2803.2,1,76,2
1590,43,100.0,9,6341.21,3,122,1
1591,41,100.0,3,5189.78,3,122,1
1592,45,100.0,9,6027.75,3,122,1
1593,33,100.0,6,3366.0,3,122,1
1594,40,100.0,5,5456.4,3,122,1
1595,33,100.0,16,3812.16,3,122,1
1596,50,100.0,7,6083.0,3,122,1
1597,30,100.0,7,3170.7,3,122,1
1598,41,100.0,13,4534.6,3,122,1
1599,35,100.0,7,4301.15,3,122,1
1600,49,100.0,1,6804.63,3,122,1
1601,46,100.0,4,5652.94,3,122,1
1602,48,100.0,10,6960.48,3,122,1
1603,36,100.0,8,4512.6,3,122,1
1604,22,100.0,11,2784.76,3,122,2
1605,42,100.0,13,5316.36,3,122,1
1606,21,100.0,2,2941.89,3,122,2
1607,29,100.0,7,3207.4,3,122,1
1608,35,100.0,6,4215.05,3,122,1
1609,41,100.0,4,4333.29,3,122,1
1610,29,71.97,4,2087.13,3,122,2
1611,34,50.33,7,1711.22,3,122,2
1612,37,100.0,8,3910.53,3,122,1
1613,28,80.54,3,2255.12,3,122,2
1614,49,100.0,6,5720.75,3,122,1
1615,23,100.0,10,3335.23,3,122,1
1616,46,53.76,2,2472.96,6,44,2
1617,39,44.35,2,1729.65,6,44,2
1618,22,45.25,1,995.5,6,44,2
1619,49,49.28,6,2414.72,6,44,2
1620,43,36.29,4,1560.47,6,44,2
1621,27,41.22,8,1112.94,6,44,2
1622,31,36.74,5,1138.94,6,44,2
1623,20,50.62,9,1012.4,6,44,2
1624,24,38.08,4,913.92,6,44,2
1625,49,47.94,2,2349.06,6,44,2
1626,24,48.38,5,1161.12,6,44,2
1627,39,45.25,9,1764.75,6,44,2
1628,37,45.7,2,1690.9,6,44,2
1629,45,47.49,11,2137.05,6,44,2
1630,45,48.38,4,2177.1,6,44,2
1631,44,39.42,15,1734.48,6,44,2
1632,23,37.63,12,865.49,6,44,2
1633,30,100.0,4,3500.1,6,44,1
1634,26,85.52,10,2223.52,6,44,2
1635,43,53.76,1,2311.68,6,44,2
1636,26,31.86,7,828.36,6,44,2
1637,28,30.59,12,856.52,6,44,2
1638,27,68.35,5,1845.45,6,44,2
1639,24,100.0,1,4042.08,6,44,1
1640,40,45.7,2,1828.0,6,44,2
1641,36,100.0,1,3680.28,5,127,1
1642,21,100.0,5,2925.09,5,127,2
1643,27,100.0,1,3415.77,5,127,1
1644,47,100.0,1,5105.14,5,127,1
1645,42,100.0,8,5098.8,5,127,1
1646,32,100.0,17,4661.76,5,127,1
1647,28,100.0,6,2969.96,5,127,2
1648,24,100.0,11,3496.32,5,127,1
1649,49,100.0,1,5760.93,5,127,1
1650,46,100.0,12,6819.04,5,127,1
1651,28,100.0,1,3148.88,5,127,1
1652,48,100.0,6,5704.32,5,127,1
1653,29,100.0,10,3520.6,5,127,1
1654,47,100.0,9,5285.62,5,127,1
1655,43,100.0,10,5605.05,5,127,1
1656,25,100.0,6,2779.5,5,127,2
1657,48,100.0,1,5398.08,5,127,1
1658,24,100.0,10,3189.6,5,127,1
1659,42,100.0,4,5581.8,5,127,1
1660,31,100.0,2,3820.44,5,127,1
1661,42,100.0,5,5528.04,5,127,1
1662,37,100.0,1,5981.42,5,127,1
1663,41,100.0,7,5684.65,5,127,1
1664,20,100.0,5,3449.4,5,127,1
1665,20,100.0,3,2654.4,5,127,2
1666,70,100.0,10,8498.0,5,127,0
1667,49,100.0,9,5510.54,5,127,1
1668,35,58.87,15,2060.45,1,69,2
1669,32,76.88,2,2460.16,1,69,2
1670,29,61.64,16,1787.56,1,69,2
1671,27,60.95,3,1645.65,1,69,2
1672,27,80.34,11,2169.18,1,69,2
1673,38,74.11,11,2816.18,1,69,2
1674,35,72.03,6,2521.05,1,69,2
1675,42,76.19,3,3199.98,1,69,1
1676,21,63.72,11,1338.12,1,69,2
1677,37,80.34,4,2972.58,1,69,2
1678,26,79.65,4,2070.9,1,69,2
1679,47,65.8,8,3092.6,1,69,1
1680,37,65.1,6,2408.7,1,69,2
1681,46,75.49,12,3472.54,1,69,1
1682,38,59.56,3,2263.28,1,69,2
1683,33,66.49,6,2194.17,1,69,2
1684,24,56.1,2,1346.4,1,69,2
1685,31,81.73,7,2533.63,1,69,2
1686,42,81.03,1,3403.26,1,69,1
1687,32,100.0,6,3307.2,1,69,1
1688,41,70.65,3,2896.65,1,69,2
1689,43,61.23,14,2632.89,1,69,2
1690,20,100.0,14,2046.0,1,69,2
1691,35,65.13,4,2279.55,1,69,2
1692,27,79.65,4,2150.55,1,69,2
1693,43,78.15,11,3360.45,0,90,1
1694,32,72.7,10,2326.4,0,90,2
1695,21,73.6,4,1545.6,0,90,2
1696,20,100.0,3,2144.6,0,90,2
1697,22,74.51,1,1639.22,0,90,2
1698,36,73.6,14,2649.6,0,90,2
1699,46,83.6,2,3845.6,0,90,1
1700,47,96.32,8,4527.04,0,90,1
1701,45,88.14,1,3966.3,0,90,1
1702,47,88.14,14,4142.58,0,90,1
1703,47,94.5,6,4441.5,0,90,1
1704,38,87.24,3,3315.12,0,90,1
1705,49,79.97,3,3918.53,0,90,1
1706,35,80.87,9,2830.45,0,90,2
1707,49,100.0,5,5298.86,0,90,1
1708,28,93.6,4,2620.8,0,90,2
1709,30,72.7,1,2181.0,0,90,2
1710,39,86.72,7,3382.08,0,90,1
1711,25,100.0,1,2876.75,0,90,2
1712,40,100.0,2,4107.2,0,90,1
1713,36,37.5,6,1350.0,0,90,2
1714,76,94.5,6,7182.0,0,90,0
1715,39,100.0,9,3933.93,0,90,1
1716,44,39.6,10,1742.4,0,35,2
1717,24,30.06,1,721.44,0,35,2
1718,39,38.19,12,1489.41,0,35,2
1719,21,42.43,6,891.03,0,35,2
1720,30,40.31,4,1209.3,0,35,2
1721,27,31.82,13,859.14,0,35,2
1722,37,31.12,2,1151.44,0,35,2
1723,42,31.82,7,1336.44,0,35,2
1724,32,28.29,7,905.28,0,35,2
1725,42,29.7,8,1247.4,0,35,2
1726,21,40.31,3,846.51,0,35,2
1727,33,32.88,2,1085.04,0,35,2
1728,49,36.07,6,1767.43,0,35,2
1729,31,33.24,5,1030.44,0,35,2
1730,38,41.72,6,1585.36,0,35,2
1731,20,40.66,2,813.2,0,35,2
1732,39,30.06,9,1172.34,0,35,2
1733,48,31.47,6,1510.56,0,35,2
1734,39,37.13,15,1448.07,0,35,2
1735,30,100.0,9,3338.1,0,35,1
1736,33,37.13,2,1225.29,0,35,2
1737,36,37.13,3,1336.68,0,35,2
1738,36,82.94,4,2985.84,0,35,2
1739,45,100.0,8,5545.8,0,35,1
1740,40,100.0,3,6089.6,0,35,1
1741,46,38.9,6,1789.4,0,35,2
1742,30,36.07,6,1082.1,0,35,2
1743,31,33.24,5,1030.44,0,35,2
1744,49,74.68,13,3659.32,2,68,1
1745,41,59.6,4,2443.6,2,68,2
1746,35,67.14,5,2349.9,2,68,2
1747,27,60.97,8,1646.19,2,68,2
1748,23,72.62,6,1670.26,2,68,2
1749,21,69.88,2,1467.48,2,68,2
1750,34,80.84,5,2748.56,2,68,2
1751,22,69.2,2,1522.4,2,68,2
1752,48,67.82,5,3255.36,2,68,1
1753,43,82.21,1,3535.03,2,68,1
1754,32,81.53,5,2608.96,2,68,2
1755,20,67.82,1,1356.4,2,68,2
1756,24,67.14,10,1611.36,2,68,2
1757,40,65.08,2,2603.2,2,68,2
1758,30,73.99,12,2219.7,2,68,2
1759,21,71.25,8,1496.25,2,68,2
1760,25,75.36,2,1884.0,2,68,2
1761,34,63.71,10,2166.14,2,68,2
1762,48,58.92,1,2828.16,2,68,2
1763,55,100.0,12,6214.45,2,68,1
1764,25,74.68,5,1867.0,2,68,2
1765,38,70.44,7,2676.72,2,68,2
1766,39,55.96,1,2182.44,2,68,2
1767,28,57.55,3,1611.4,2,68,2
1768,24,61.66,2,1479.84,2,68,2
1769,21,67.82,1,1424.22,2,68,2
1770,46,100.0,10,5942.28,0,117,1
1771,25,93.95,9,2348.75,0,117,2
1772,34,100.0,3,4392.12,0,117,1
1773,25,100.0,2,2759.75,0,117,2
1774,23,100.0,16,2728.03,0,117,2
1775,20,100.0,13,2395.8,0,117,2
1776,23,100.0,1,3052.33,0,117,1
1777,42,100.0,7,4242.0,0,117,1
1778,27,100.0,3,2790.45,0,117,2
1779,33,100.0,13,4340.49,0,117,1
1780,28,98.65,5,2762.2,0,117,2
1781,43,100.0,2,4645.72,0,117,1
1782,48,100.0,2,5580.96,0,117,1
1783,48,100.0,8,6539.04,0,117,1
1784,45,100.0,4,5548.95,0,117,1
1785,43,100.0,3,4595.41,0,117,1
1786,44,42.26,11,1859.44,0,117,2
1787,24,87.24,5,2093.76,0,117,2
1788,31,100.0,5,4223.13,0,117,1
1789,44,36.29,7,1596.76,0,117,2
1790,59,98.65,5,5820.35,0,117,1
1791,55,96.3,8,5296.5,0,117,1
1792,29,32.1,6,930.9,0,37,2
1793,39,30.96,4,1207.44,0,37,2
1794,20,35.87,1,717.4,0,37,2
1795,25,42.67,1,1066.75,0,37,2
1796,42,37.0,2,1554.0,0,37,2
1797,36,35.49,4,1277.64,0,37,2
1798,37,42.67,8,1578.79,0,37,2
1799,30,30.59,13,917.7,0,37,2
1800,21,37.0,2,777.0,0,37,2
1801,34,43.42,12,1476.28,0,37,2
1802,42,36.63,3,1538.46,0,37,2
1803,20,44.56,2,891.2,0,37,2
1804,40,42.67,7,1706.8,0,37,2
1805,34,40.4,8,1373.6,0,37,2
1806,31,38.89,8,1205.59,0,37,2
1807,36,39.65,6,1427.4,0,37,2
1808,48,34.36,10,1649.28,0,37,2
1809,33,41.91,4,1383.03,0,37,2
1810,37,33.23,12,1229.51,0,37,2
1811,27,42.24,13,1140.48,0,37,2
1812,39,40.4,9,1575.6,0,37,2
1813,36,38.52,4,1386.72,0,37,2
1814,36,100.0,2,5018.4,0,37,1
1815,41,100.0,7,5856.85,0,37,1
1816,37,100.0,5,4894.73,0,37,1
1817,47,44.56,2,2094.32,0,37,2
1818,15,42.67,7,640.05,0,37,2
1819,44,72.58,4,3193.52,6,88,1
1820,35,87.62,13,3066.7,6,88,1
1821,41,94.71,4,3883.11,6,88,1
1822,49,98.25,1,4814.25,6,88,1
1823,31,91.17,2,2826.27,6,88,2
1824,20,79.66,11,1593.2,6,88,2
1825,45,72.58,2,3266.1,6,88,1
1826,33,74.35,2,2453.55,6,88,2
1827,47,83.2,8,3910.4,6,88,1
1828,20,89.4,2,1788.0,6,88,2
1829,47,70.81,14,3328.07,6,88,1
1830,40,94.71,2,3788.4,6,88,1
1831,30,100.0,5,3053.7,6,88,1
1832,22,91.17,3,2005.74,6,88,2
1833,27,100.0,6,2796.12,6,88,2
1834,34,92.94,8,3159.96,6,88,1
1835,46,84.97,3,3908.62,6,88,1
1836,31,84.08,2,2606.48,6,88,2
1837,24,86.74,1,2081.76,6,88,2
1838,41,85.85,3,3519.85,6,88,1
1839,55,100.0,13,10758.0,6,88,0
1840,30,100.0,9,3021.0,6,88,1
1841,33,57.32,12,1891.56,6,88,2
1842,43,97.87,2,4208.41,6,88,1
1843,27,83.2,7,2246.4,6,88,2
1844,60,100.0,5,6107.4,6,88,1
1845,27,73.62,12,1987.74,0,85,2
1846,49,83.04,11,4068.96,0,85,1
1847,31,73.62,5,2282.22,0,85,2
1848,20,77.05,4,1541.0,0,85,2
1849,24,81.33,2,1951.92,0,85,2
1850,33,94.17,15,3107.61,0,85,1
1851,32,72.77,3,2328.64,0,85,2
1852,40,79.62,9,3184.8,0,85,1
1853,27,79.62,2,2149.74,0,85,2
1854,40,79.62,15,3184.8,0,85,1
1855,26,81.33,7,2114.58,0,85,2
1856,44,96.74,4,4256.56,0,85,1
1857,33,71.06,4,2344.98,0,85,2
1858,34,68.49,10,2328.66,0,85,2
1859,48,74.48,6,3575.04,0,85,1
1860,25,83.04,5,2076.0,0,85,2
1861,39,84.75,2,3305.25,0,85,1
1862,45,34.19,12,1538.55,0,85,2
1863,24,100.0,2,3325.92,0,85,1
1864,46,79.62,1,3662.52,0,85,1
1865,44,79.06,9,3478.64,0,85,1
1866,13,81.33,7,1057.29,0,85,2
1867,35,96.74,10,3385.9,0,85,1
1868,30,63.07,5,1892.1,0,61,2
1869,34,50.21,9,1707.14,0,61,2
1870,27,66.13,6,1785.51,0,61,2
1871,30,68.58,6,2057.4,0,61,2
1872,50,69.8,1,3490.0,0,61,1
1873,34,50.21,1,1707.14,0,61,2
1874,23,65.52,13,1506.96,0,61,2
1875,48,60.01,2,2880.48,0,61,2
1876,34,64.9,7,2206.6,0,61,2
1877,48,48.98,1,2351.04,0,61,2
1878,24,50.21,8,1205.04,0,61,2
1879,47,62.45,2,2935.15,0,61,2
1880,24,52.66,12,1263.84,0,61,2
1881,47,62.45,13,2935.15,0,61,2
1882,20,61.23,2,1224.6,0,61,2
1883,20,67.97,11,1359.4,0,61,2
1884,31,58.78,4,1822.18,0,61,2
1885,38,56.94,9,2163.72,0,61,2
1886,26,61.23,2,1591.98,0,61,2
1887,25,100.0,9,3078.5,0,61,1
1888,48,62.45,10,2997.6,0,61,2
1889,44,62.45,6,2747.8,0,61,2
1890,21,100.0,15,2447.76,0,61,2
1891,46,41.54,6,1910.84,0,61,2
1892,46,52.84,6,2430.64,0,61,2
1893,55,52.66,12,2896.3,0,61,2
1894,31,52.6,14,1630.6,6,65,2
1895,20,72.98,5,1459.6,6,65,2
1896,29,59.18,6,1716.22,6,65,2
1897,33,77.59,9,2560.47,6,65,2
1898,34,55.89,7,1900.26,6,65,2
1899,32,63.12,3,2019.84,6,65,2
1900,27,73.64,6,1988.28,6,65,2
1901,21,69.04,3,1449.84,6,65,2
1902,27,71.67,6,1935.09,6,65,2
1903,36,77.59,2,2793.24,6,65,2
1904,43,70.35,6,3025.05,6,65,1
1905,25,69.7,2,1742.5,6,65,2
1906,46,70.35,11,3236.1,6,65,1
1907,24,72.33,3,1735.92,6,65,2
1908,39,71.67,13,2795.13,6,65,2
1909,31,53.92,9,1671.52,6,65,2
1910,22,71.67,3,1576.74,6,65,2
1911,47,76.93,11,3615.71,6,65,1
1912,20,72.98,2,1459.6,6,65,2
1913,29,99.69,14,2891.01,6,65,2
1914,38,68.38,4,2598.44,6,65,2
1915,34,100.0,6,3871.92,6,65,1
1916,46,66.0,11,3036.0,6,65,1
1917,35,63.76,9,2231.6,6,65,2
1918,34,71.67,13,2436.78,6,65,2
1919,38,57.2,3,2173.6,6,65,2
1920,18,69.7,2,1254.6,6,65,2
1921,37,100.0,14,3724.42,0,107,1
1922,43,100.0,13,5203.0,0,107,1
1923,27,100.0,7,3469.5,0,107,1
1924,30,100.0,6,3148.2,0,107,1
1925,22,98.51,4,2167.22,0,107,2
1926,49,100.0,17,6244.07,0,107,1
1927,46,100.0,5,5566.0,0,107,1
1928,48,91.02,11,4368.96,0,107,1
1929,46,87.81,4,4039.26,0,107,1
1930,48,92.09,2,4420.32,0,107,1
1931,27,86.73,9,2341.71,0,107,2
1932,43,100.0,6,5110.98,0,107,1
1933,48,100.0,6,6168.0,0,107,1
1934,41,100.0,12,4873.26,0,107,1
1935,22,96.37,2,2120.14,0,107,2
1936,46,92.09,7,4236.14,0,107,1
1937,21,89.95,4,1888.95,0,107,2
1938,31,37.18,13,1152.58,0,107,2
1939,26,95.88,6,2492.88,0,107,2
1940,20,99.58,4,1991.6,0,107,2
1941,34,100.0,11,3953.18,0,107,1
1942,43,86.73,9,3729.39,0,107,1
1943,26,100.0,12,2617.16,0,107,2
1944,50,79.67,1,3983.5,6,83,1
1945,35,90.57,10,3169.95,6,83,1
1946,50,77.99,1,3899.5,6,83,1
1947,23,80.51,14,1851.73,6,83,2
1948,37,67.93,12,2513.41,6,83,2
1949,29,83.86,8,2431.94,6,83,2
1950,21,72.12,11,1514.52,6,83,2
1951,36,85.54,8,3079.44,6,83,1
1952,22,86.38,5,1900.36,6,83,2
1953,22,89.73,7,1974.06,6,83,2
1954,46,80.51,11,3703.46,6,83,1
1955,23,76.31,2,1755.13,6,83,2
1956,49,87.21,16,4273.29,6,83,1
1957,48,83.02,3,3984.96,6,83,1
1958,33,72.96,5,2407.68,6,83,2
1959,22,77.15,14,1697.3,6,83,2
1960,22,91.41,8,2011.02,6,83,2
1961,25,92.25,16,2306.25,6,83,2
1962,20,92.25,2,1845.0,6,83,2
1963,42,59.36,16,2493.12,6,83,2
1964,25,60.34,10,1508.5,6,83,2
1965,23,100.0,10,2394.3,6,83,2
1966,37,85.54,2,3164.98,6,83,1
1967,37,90.57,8,3351.09,6,83,1
1968,42,72.96,8,3064.32,6,83,1
1969,51,76.31,2,3891.81,6,83,1
1970,40,100.0,1,5448.8,0,140,1
1971,43,100.0,5,5494.97,0,140,1
1972,47,100.0,2,6336.07,0,140,1
1973,23,100.0,2,2906.97,0,140,2
1974,35,100.0,3,4767.7,0,140,1
1975,34,100.0,1,3819.56,0,140,1
1976,25,100.0,9,3861.75,0,140,1
1977,45,100.0,14,6319.35,0,140,1
1978,47,100.0,3,6996.42,0,140,1
1979,49,100.0,13,6949.67,0,140,1
1980,40,100.0,4,4550.0,0,140,1
1981,29,100.0,3,4479.63,0,140,1
1982,39,100.0,8,5148.0,0,140,1
1983,24,100.0,9,2932.08,0,140,2
1984,25,100.0,9,3159.75,0,140,1
1985,36,100.0,7,4297.32,0,140,1
1986,50,100.0,11,7723.5,0,140,0
1987,45,100.0,5,5497.65,0,140,1
1988,26,100.0,13,4052.88,0,140,1
1989,21,100.0,1,3135.93,0,140,1
1990,42,100.0,6,5013.54,0,140,1
1991,32,100.0,8,5302.72,0,140,1
1992,31,94.58,1,2931.98,0,140,2
1993,33,53.27,3,1757.91,0,140,2
1994,45,100.0,8,6763.05,0,140,1
1995,76,100.0,3,11739.7,0,140,0
1996,70,100.0,8,9240.0,0,140,0
1997,50,64.83,11,3241.5,2,68,1
1998,28,70.29,2,1968.12,2,68,2
1999,50,81.89,3,4094.5,2,68,1
2000,28,66.19,6,1853.32,2,68,2
2001,44,77.11,4,3392.84,2,68,1
2002,27,73.02,18,1971.54,2,68,2
2003,30,72.33,3,2169.9,2,68,2
2004,43,66.19,3,2846.17,2,68,2
2005,29,69.6,16,2018.4,2,68,2
2006,48,56.64,3,2718.72,2,68,2
2007,33,60.05,12,1981.65,2,68,2
2008,40,75.06,13,3002.4,2,68,1
2009,48,61.42,8,2948.16,2,68,2
2010,41,81.89,18,3357.49,2,68,1
2011,21,55.96,10,1175.16,2,68,2
2012,32,71.65,6,2292.8,2,68,2
2013,43,76.43,16,3286.49,2,68,1
2014,30,77.79,8,2333.7,2,68,2
2015,35,76.43,3,2675.05,2,68,2
2016,45,96.92,11,4361.4,2,68,1
2017,34,59.37,3,2018.58,2,68,2
2018,26,100.0,7,3710.98,2,68,1
2019,39,73.0,13,2847.0,2,68,2
2020,41,73.32,12,3006.12,2,68,1
2021,41,68.24,2,2797.84,2,68,2
2022,64,60.05,12,3843.2,2,68,1
2023,18,75.06,13,1351.08,2,68,2
2024,49,34.47,1,1689.03,6,41,2
2025,48,34.47,5,1654.56,6,41,2
2026,46,33.23,4,1528.58,6,41,2
2027,26,38.98,9,1013.48,6,41,2
2028,37,38.98,7,1442.26,6,41,2
2029,35,33.23,11,1163.05,6,41,2
2030,23,42.26,8,971.98,6,41,2
2031,22,41.03,12,902.66,6,41,2
2032,39,33.23,2,1295.97,6,41,2
2033,44,34.88,5,1534.72,6,41,2
2034,27,43.9,8,1185.3,6,41,2
2035,46,36.93,1,1698.78,6,41,2
2036,33,41.85,14,1381.05,6,41,2
2037,33,40.62,3,1340.46,6,41,2
2038,24,40.21,1,965.04,6,41,2
2039,31,35.29,15,1093.99,6,41,2
2040,41,77.24,14,3166.84,6,41,1
2041,22,97.44,4,2143.68,6,41,2
2042,46,37.34,3,1717.64,6,41,2
2043,43,95.03,12,4086.29,6,41,1
2044,15,36.93,1,553.95,6,41,2
2045,15,43.49,3,652.35,6,41,2
2046,26,100.0,5,2921.62,0,118,2
2047,44,100.0,1,5568.64,0,118,1
2048,20,96.99,7,1939.8,0,118,2
2049,40,94.62,1,3784.8,0,118,1
2050,23,100.0,3,2802.09,0,118,2
2051,24,99.36,8,2384.64,0,118,2
2052,29,100.0,7,2915.66,0,118,2
2053,49,100.0,2,5795.72,0,118,1
2054,34,100.0,2,3699.88,0,118,1
2055,28,100.0,3,2980.6,0,118,2
2056,37,100.0,7,5032.74,0,118,1
2057,45,100.0,5,4737.15,0,118,1
2058,46,100.0,1,6311.2,0,118,1
2059,22,100.0,1,3070.54,0,118,1
2060,39,100.0,10,4797.39,0,118,1
2061,27,100.0,4,3832.38,0,118,1
2062,36,100.0,1,4641.48,0,118,1
2063,38,100.0,10,4000.26,0,118,1
2064,44,100.0,5,5325.76,0,118,1
2065,31,100.0,5,4618.69,0,118,1
2066,23,100.0,2,3182.97,0,118,1
2067,22,100.0,7,2603.04,0,118,2
2068,28,50.32,9,1408.96,0,118,2
2069,21,93.91,4,1972.11,0,118,2
2070,37,100.0,7,5207.75,0,118,1
2071,31,100.0,1,4253.2,0,118,1
2072,25,100.0,15,2873.0,6,97,2
2073,26,86.68,3,2253.68,6,97,2
2074,34,100.0,15,3576.12,6,97,1
2075,29,100.0,4,3276.13,6,97,1
2076,20,90.57,1,1811.4,6,97,2
2077,42,91.55,5,3845.1,6,97,1
2078,22,100.0,3,2571.14,6,97,2
2079,47,100.0,12,5035.11,6,97,1
2080,20,100.0,4,2279.0,6,97,2
2081,33,97.39,10,3213.87,6,97,1
2082,39,90.57,7,3532.23,6,97,1
2083,33,100.0,6,3406.59,6,97,1
2084,40,86.68,4,3467.2,6,97,1
2085,46,78.89,4,3628.94,6,97,1
2086,48,97.39,2,4674.72,6,97,1
2087,21,78.89,6,1656.69,6,97,2
2088,45,100.0,1,5171.4,6,97,1
2089,33,100.0,10,3342.57,6,97,1
2090,44,100.0,7,4884.88,6,97,1
2091,33,100.0,3,6267.69,6,97,1
2092,39,100.0,1,4424.16,6,97,1
2093,39,50.31,2,1962.09,6,97,2
2094,41,100.0,6,6847.0,6,97,1
2095,40,86.92,3,3476.8,6,97,1
2096,33,100.0,4,4592.61,6,97,1
2097,28,78.89,4,2208.92,6,97,2
2098,26,63.76,3,1657.76,2,72,2
2099,29,85.49,9,2479.21,2,72,2
2100,46,77.52,4,3565.92,2,72,1
2101,33,84.77,15,2797.41,2,72,2
2102,48,78.25,10,3756.0,2,72,1
2103,40,71.0,8,2840.0,2,72,2
2104,23,74.62,10,1716.26,2,72,2
2105,40,81.14,4,3245.6,2,72,1
2106,37,74.62,5,2760.94,2,72,2
2107,24,75.35,11,1808.4,2,72,2
2108,27,62.31,10,1682.37,2,72,2
2109,21,71.0,2,1491.0,2,72,2
2110,23,72.45,5,1666.35,2,72,2
2111,44,83.32,8,3666.08,2,72,1
2112,35,83.32,1,2916.2,2,72,2
2113,43,60.86,4,2616.98,2,72,2
2114,40,84.77,1,3390.8,2,72,1
2115,35,89.9,3,3146.5,2,72,1
2116,25,62.46,1,1561.5,2,72,2
2117,43,100.0,2,10039.6,2,72,0
2118,50,63.34,8,3167.0,2,72,1
2119,45,78.25,14,3521.25,2,72,1
2120,52,81.14,4,4219.28,2,72,1
2121,48,74.62,5,3581.76,2,72,1
2122,31,68.71,10,2130.01,0,80,2
2123,29,71.14,14,2063.06,0,80,2
2124,23,87.31,11,2008.13,0,80,2
2125,31,64.67,11,2004.77,0,80,2
2126,23,67.1,6,1543.3,0,80,2
2127,24,94.58,6,2269.92,0,80,2
2128,28,71.14,1,1991.92,0,80,2
2129,44,66.29,7,2916.76,0,80,2
2130,22,92.16,6,2027.52,0,80,2
2131,46,70.33,13,3235.18,0,80,1
2132,22,93.77,7,2062.94,0,80,2
2133,38,87.31,3,3317.78,0,80,1
2134,47,83.27,1,3913.69,0,80,1
2135,48,75.18,7,3608.64,0,80,1
2136,40,88.12,16,3524.8,0,80,1
2137,32,80.84,1,2586.88,0,80,2
2138,49,97.01,14,4753.49,0,80,1
2139,43,85.69,2,3684.67,0,80,1
2140,41,100.0,2,5715.4,0,80,1
2141,30,100.0,1,3098.7,0,80,1
2142,28,95.39,9,2670.92,0,80,2
2143,43,100.0,9,5154.41,0,80,1
2144,41,100.0,2,4894.17,0,80,1
2145,30,82.42,10,2472.6,0,80,2
2146,31,100.0,3,3224.31,5,96,1
2147,32,100.0,7,3667.52,5,96,1
2148,43,96.31,3,4141.33,5,96,1
2149,26,100.0,3,2829.58,5,96,2
2150,27,100.0,10,3068.55,5,96,1
2151,24,100.0,1,2634.96,5,96,2
2152,22,100.0,8,2436.72,5,96,2
2153,46,100.0,13,4607.36,5,96,1
2154,37,97.27,3,3598.99,5,96,1
2155,49,80.9,14,3964.1,5,96,1
2156,21,100.0,3,2244.9,5,96,2
2157,25,100.0,8,2793.0,5,96,2
2158,37,100.0,1,4133.64,5,96,1
2159,45,86.68,11,3900.6,5,96,1
2160,32,85.72,1,2743.04,5,96,2
2161,29,82.83,8,2402.07,5,96,2
2162,26,83.79,3,2178.54,5,96,2
2163,28,100.0,12,3155.04,5,96,1
2164,27,87.64,6,2366.28,5,96,2
2165,20,98.18,11,1963.6,5,96,2
2166,44,100.0,1,4746.28,5,96,1
2167,42,100.0,3,6386.94,5,96,1
2168,41,100.0,1,4428.0,5,96,1
2169,26,100.0,1,4044.04,5,96,1
2170,26,100.0,6,2708.42,5,96,2
2171,26,100.0,1,2904.72,5,96,2
2172,41,86.68,11,3553.88,5,96,1
2173,20,92.9,8,1858.0,1,99,2
2174,22,100.0,6,2461.36,1,99,2
2175,23,100.0,1,2642.01,1,99,2
2176,33,93.9,12,3098.7,1,99,1
2177,28,100.0,7,3244.36,1,99,1
2178,44,98.89,7,4351.16,1,99,1
2179,46,79.91,5,3675.86,1,99,1
2180,21,100.0,7,2475.27,1,99,2
2181,41,100.0,1,4177.49,1,99,1
2182,31,100.0,2,3282.28,1,99,1
2183,31,79.91,8,2477.21,1,99,2
2184,23,81.91,7,1883.93,1,99,2
2185,37,98.89,12,3658.93,1,99,1
2186,26,100.0,2,2856.88,1,99,2
2187,24,79.91,5,1917.84,1,99,2
2188,47,100.0,7,5305.36,1,99,1
2189,45,63.91,11,2875.95,1,99,2
2190,55,100.0,2,6482.85,1,99,1
2191,46,81.17,5,3733.82,1,99,1
2192,50,100.0,2,6576.5,1,99,1
2193,37,100.0,3,6353.27,1,99,1
2194,44,94.9,1,4175.6,1,99,1
2195,49,100.0,1,4992.61,1,99,1
2196,45,100.0,2,4764.6,1,99,1
2197,27,43.45,13,1173.15,1,40,2
2198,31,44.66,17,1384.46,1,40,2
2199,33,40.23,14,1327.59,1,40,2
2200,31,35.8,1,1109.8,1,40,2
2201,35,35.4,9,1239.0,1,40,2
2202,26,39.83,9,1035.58,1,40,2
2203,34,45.46,4,1545.64,1,40,2
2204,46,32.99,1,1517.54,1,40,2
2205,41,42.24,9,1731.84,1,40,2
2206,43,39.43,2,1695.49,1,40,2
2207,26,40.23,2,1045.98,1,40,2
2208,36,48.28,6,1738.08,1,40,2
2209,20,32.59,4,651.8,1,40,2
2210,27,36.61,10,988.47,1,40,2
2211,37,41.03,1,1518.11,1,40,2
2212,24,42.24,4,1013.76,1,40,2
2213,36,43.05,17,1549.8,1,40,2
2214,29,38.22,5,1108.38,1,40,2
2215,28,100.0,3,4102.56,1,40,1
2216,29,100.0,5,3713.16,1,40,1
2217,38,39.83,10,1513.54,1,40,2
2218,48,48.28,1,2317.44,1,40,2
2219,40,82.46,1,3298.4,1,40,1
2220,41,44.56,11,1826.96,1,40,2
2221,30,40.23,2,1206.9,1,40,2
2222,35,47.62,11,1666.7,5,54,2
2223,28,55.73,2,1560.44,5,54,2
2224,45,51.95,13,2337.75,5,54,2
2225,24,45.99,7,1103.76,5,54,2
2226,41,63.85,5,2617.85,5,54,2
2227,48,45.99,14,2207.52,5,54,2
2228,50,63.31,3,3165.5,5,54,1
2229,33,62.77,8,2071.41,5,54,2
2230,32,43.29,8,1385.28,5,54,2
2231,27,60.06,9,1621.62,5,54,2
2232,35,55.19,4,1931.65,5,54,2
2233,23,54.11,3,1244.53,5,54,2
2234,35,48.7,7,1704.5,5,54,2
2235,40,43.83,6,1753.2,5,54,2
2236,35,47.62,7,1666.7,5,54,2
2237,31,55.19,3,1710.89,5,54,2
2238,50,46.53,10,2326.5,5,54,2
2239,40,57.9,7,2316.0,5,54,2
2240,38,45.45,1,1727.1,5,54,2
2241,38,100.0,3,8844.12,5,54,0
2242,40,60.6,3,2424.0,5,54,2
2243,33,46.53,1,1535.49,5,54,2
2244,36,100.0,3,6358.68,5,54,1
2245,20,66.47,2,1329.4,5,54,2
2246,32,53.18,5,1701.76,5,54,2
2247,36,62.77,3,2259.72,5,54,2
2248,19,48.7,7,925.3,5,54,2
2249,11,43.83,6,482.13,5,54,2
2250,49,65.87,4,3227.63,4,62,1
2251,27,63.38,1,1711.26,4,62,2
2252,29,70.84,6,2054.36,4,62,2
2253,42,74.57,16,3131.94,4,62,1
2254,33,50.95,2,1681.35,4,62,2
2255,44,53.44,7,2351.36,4,62,2
2256,22,64.0,6,1408.0,4,62,2
2257,48,50.95,1,2445.6,4,62,2
2258,33,54.68,1,1804.44,4,62,2
2259,45,56.55,2,2544.75,4,62,2
2260,20,52.82,6,1056.4,4,62,2
2261,46,60.9,4,2801.4,4,62,2
2262,40,49.71,6,1988.4,4,62,2
2263,45,64.63,6,2908.35,4,62,2
2264,36,59.65,9,2147.4,4,62,2
2265,31,67.73,3,2099.63,4,62,2
2266,46,50.33,17,2315.18,4,62,2
2267,35,66.49,9,2327.15,4,62,2
2268,28,100.0,2,5377.4,4,62,1
2269,31,84.71,9,2626.01,4,62,2
2270,27,100.0,14,4406.4,4,62,1
2271,22,100.0,1,4301.22,4,62,1
2272,30,99.55,11,2986.5,4,62,2
2273,44,36.07,8,1587.08,4,62,2
2274,30,60.28,4,1808.4,4,62,2
2275,24,49.71,6,1193.04,4,62,2
2276,45,75.63,7,3403.35,5,64,1
2277,23,68.52,1,1575.96,5,64,2
2278,26,62.7,7,1630.2,5,64,2
2279,28,60.76,7,1701.28,5,64,2
2280,49,58.18,4,2850.82,5,64,2
2281,49,54.94,5,2692.06,5,64,2
2282,29,74.98,12,2174.42,5,64,2
2283,49,64.64,4,3167.36,5,64,1
2284,39,54.94,7,2142.66,5,64,2
2285,36,58.82,2,2117.52,5,64,2
2286,39,62.05,7,2419.95,5,64,2
2287,30,73.04,12,2191.2,5,64,2
2288,44,69.16,5,3043.04,5,64,1
2289,20,61.41,2,1228.2,5,64,2
2290,21,63.35,5,1330.35,5,64,2
2291,36,77.57,12,2792.52,5,64,2
2292,32,71.75,7,2296.0,5,64,2
2293,36,73.04,2,2629.44,5,64,2
2294,34,56.24,10,1912.16,5,64,2
2295,48,100.0,4,8209.44,5,64,0
2296,33,73.69,4,2431.77,5,64,2
2297,31,100.0,5,3139.99,5,64,1
2298,36,100.0,2,5669.64,5,64,1
2299,25,100.0,3,3160.25,5,64,1
2300,48,100.0,8,6799.68,5,64,1
2301,27,69.16,5,1867.32,5,64,2
2302,44,61.41,2,2702.04,5,64,2
2303,33,72.92,5,2406.36,6,68,2
2304,29,72.23,11,2094.67,6,68,2
2305,49,57.1,6,2797.9,6,68,2
2306,20,81.86,1,1637.2,6,68,2
2307,31,73.61,12,2281.91,6,68,2
2308,39,59.16,10,2307.24,6,68,2
2309,20,66.04,12,1320.8,6,68,2
2310,34,77.73,6,2642.82,6,68,2
2311,50,61.22,7,3061.0,6,68,1
2312,40,79.11,2,3164.4,6,68,1
2313,28,63.97,12,1791.16,6,68,2
2314,50,81.86,4,4093.0,6,68,1
2315,28,79.8,7,2234.4,6,68,2
2316,46,66.04,10,3037.84,6,68,1
2317,24,59.16,2,1419.84,6,68,2
2318,24,81.17,5,1948.08,6,68,2
2319,39,59.16,3,2307.24,6,68,2
2320,40,44.51,7,1780.4,6,68,2
2321,49,72.33,2,3544.17,6,68,1
2322,44,82.26,4,3619.44,6,68,1
2323,35,100.0,8,3918.95,6,68,1
2324,22,67.41,4,1483.02,6,68,2
2325,62,77.73,6,4819.26,6,68,1
2326,26,61.22,7,1591.72,6,68,2
2327,31,100.0,16,3669.78,1,102,1
2328,25,86.74,3,2168.5,1,102,2
2329,30,89.8,17,2694.0,1,102,2
2330,27,100.0,4,3251.34,1,102,1
2331,23,100.0,12,2347.15,1,102,2
2332,34,100.0,12,3920.88,1,102,1
2333,22,100.0,7,2514.6,1,102,2
2334,42,85.72,4,3600.24,1,102,1
2335,37,100.0,12,4040.03,1,102,1
2336,30,100.0,5,3336.9,1,102,1
2337,27,100.0,5,3113.64,1,102,1
2338,25,100.0,9,2832.0,1,102,2
2339,34,97.97,7,3330.98,1,102,1
2340,38,100.0,13,4304.64,1,102,1
2341,26,100.0,4,2600.26,1,102,2
2342,38,100.0,7,4382.16,1,102,1
2343,50,84.7,3,4235.0,1,102,1
2344,22,100.0,8,2626.8,1,102,2
2345,32,100.0,4,5026.56,1,102,1
2346,31,71.02,4,2201.62,1,102,2
2347,40,100.0,5,4326.8,1,102,1
2348,22,100.0,3,3425.18,1,102,1
2349,41,100.0,15,4701.88,1,102,1
2350,45,48.98,12,2204.1,1,102,2
2351,45,100.0,5,5189.4,1,102,1
2352,39,40.15,6,1565.85,6,43,2
2353,49,50.62,12,2480.38,6,43,2
2354,27,50.19,7,1355.13,6,43,2
2355,34,36.66,1,1246.44,6,43,2
2356,20,41.02,1,820.4,6,43,2
2357,48,51.93,13,2492.64,6,43,2
2358,29,38.4,1,1113.6,6,43,2
2359,43,41.02,11,1763.86,6,43,2
2360,41,46.26,13,1896.66,6,43,2
2361,41,35.35,7,1449.35,6,43,2
2362,36,51.93,8,1869.48,6,43,2
2363,49,37.97,3,1860.53,6,43,2
2364,38,45.39,13,1724.82,6,43,2
2365,33,51.93,5,1713.69,6,43,2
2366,26,48.44,1,1259.44,6,43,2
2367,47,43.64,11,2051.08,6,43,2
2368,34,47.57,3,1617.38,6,43,2
2369,34,51.93,7,1765.62,6,43,2
2370,40,50.62,4,2024.8,6,43,2
2371,40,82.21,8,3288.4,6,43,1
2372,33,82.59,3,2725.47,6,43,2
2373,49,65.8,5,3224.2,6,43,1
2374,27,100.0,1,3211.38,6,43,1
2375,49,36.66,5,1796.34,6,43,2
2376,56,35.35,7,1979.6,6,43,2
2377,37,51.93,8,1921.41,6,43,2
2378,33,100.0,7,3705.24,5,115,1
2379,27,100.0,3,2843.91,5,115,2
2380,46,100.0,9,6176.42,5,115,1
2381,44,100.0,3,5500.44,5,115,1
2382,26,100.0,1,3220.1,5,115,1
2383,48,94.92,10,4556.16,5,115,1
2384,23,100.0,9,3114.89,5,115,1
2385,45,100.0,4,4948.2,5,115,1
2386,49,100.0,4,5161.17,5,115,1
2387,28,94.92,5,2657.76,5,115,2
2388,37,100.0,9,3983.05,5,115,1
2389,34,100.0,7,3974.94,5,115,1
2390,22,100.0,3,2928.42,5,115,2
2391,29,100.0,2,3054.57,5,115,1
2392,34,98.39,3,3345.26,5,115,1
2393,38,100.0,12,4310.72,5,115,1
2394,41,100.0,6,4983.14,5,115,1
2395,42,100.0,3,4618.32,5,115,1
2396,28,100.0,12,3403.12,5,115,1
2397,38,100.0,4,5190.42,5,115,1
2398,23,100.0,8,3141.57,5,115,1
2399,31,71.4,8,2213.4,5,115,2
2400,46,100.0,2,4896.7,5,115,1
2401,48,56.55,10,2714.4,5,115,2
2402,29,100.0,13,3087.05,5,115,1
2403,46,100.0,4,5692.96,5,115,1
2404,26,100.0,3,3460.86,5,115,1
2405,18,100.0,2,1895.94,5,115,2
2406,32,53.31,2,1705.92,4,58,2
2407,21,49.21,11,1033.41,4,58,2
2408,46,69.12,4,3179.52,4,58,1
2409,42,49.79,14,2091.18,4,58,2
2410,31,57.41,13,1779.71,4,58,2
2411,38,66.78,5,2537.64,4,58,2
2412,38,64.44,4,2448.72,4,58,2
2413,20,48.62,15,972.4,4,58,2
2414,46,62.09,7,2856.14,4,58,2
2415,30,65.61,15,1968.3,4,58,2
2416,30,68.54,4,2056.2,4,58,2
2417,43,52.14,2,2242.02,4,58,2
2418,49,63.85,4,3128.65,4,58,1
2419,43,56.82,4,2443.26,4,58,2
2420,37,66.78,7,2470.86,4,58,2
2421,35,55.07,1,1927.45,4,58,2
2422,34,60.34,15,2051.56,4,58,2
2423,38,61.51,7,2337.38,4,58,2
2424,44,100.0,7,5932.96,4,58,1
2425,21,100.0,6,2296.77,4,58,2
2426,44,100.0,17,6490.88,4,58,1
2427,25,64.93,4,1623.25,4,58,2
2428,24,58.58,9,1405.92,4,58,2
2429,38,60.06,10,2282.28,4,58,2
2430,45,100.0,3,8977.05,4,58,0
2431,51,63.85,4,3256.35,4,58,1
2432,34,82.99,14,2821.66,1,81,2
2433,44,74.85,1,3293.4,1,81,1
2434,44,96.0,15,4224.0,1,81,1
2435,38,81.36,2,3091.68,1,81,1
2436,31,71.6,10,2219.6,1,81,2
2437,48,80.55,10,3866.4,1,81,1
2438,21,93.56,5,1964.76,1,81,2
2439,40,66.72,2,2668.8,1,81,2
2440,40,80.55,10,3222.0,1,81,1
2441,50,77.29,3,3864.5,1,81,1
2442,20,68.34,3,1366.8,1,81,2
2443,48,72.41,7,3475.68,1,81,1
2444,47,89.5,5,4206.5,1,81,1
2445,21,70.78,11,1486.38,1,81,2
2446,39,78.92,2,3077.88,1,81,1
2447,44,80.55,5,3544.2,1,81,1
2448,28,88.68,1,2483.04,1,81,2
2449,45,77.29,6,3478.05,1,81,1
2450,20,100.0,5,3657.8,1,81,1
2451,38,100.0,3,4682.36,1,81,1
2452,26,100.0,4,3937.7,1,81,1
2453,44,100.0,2,4984.32,1,81,1
2454,49,100.0,8,5406.66,1,81,1
2455,22,100.0,13,3491.18,1,81,1
2456,31,68.34,3,2118.54,1,81,2
2457,41,70.67,5,2897.47,3,66,2
2458,25,76.67,14,1916.75,3,66,2
2459,31,60.0,5,1860.0,3,66,2
2460,41,64.0,2,2624.0,3,66,2
2461,43,64.67,1,2780.81,3,66,2
2462,43,75.34,12,3239.62,3,66,1
2463,24,76.0,3,1824.0,3,66,2
2464,21,54.0,3,1134.0,3,66,2
2465,23,64.67,9,1487.41,3,66,2
2466,38,74.67,3,2837.46,3,66,2
2467,31,62.67,15,1942.77,3,66,2
2468,36,70.67,3,2544.12,3,66,2
2469,36,71.34,6,2568.24,3,66,2
2470,34,62.0,4,2108.0,3,66,2
2471,21,65.34,7,1372.14,3,66,2
2472,45,78.67,9,3540.15,3,66,1
2473,26,75.34,4,1958.84,3,66,2
2474,50,54.0,3,2700.0,3,66,2
2475,41,62.0,2,2542.0,3,66,2
2476,39,60.0,1,2340.0,3,66,2
2477,22,100.0,5,2816.44,3,66,2
2478,46,76.67,11,3526.82,3,66,1
2479,44,100.0,14,4627.92,3,66,1
2480,25,77.34,1,1933.5,3,66,2
2481,39,66.67,1,2600.13,3,66,2
2482,37,71.34,6,2639.58,3,66,2
2483,31,100.0,7,3312.97,2,91,1
2484,47,82.21,13,3863.87,2,91,1
2485,24,77.64,8,1863.36,2,91,2
2486,36,100.0,2,3945.96,2,91,1
2487,48,100.0,2,4954.08,2,91,1
2488,28,98.65,14,2762.2,2,91,2
2489,48,83.12,2,3989.76,2,91,1
2490,21,78.55,12,1649.55,2,91,2
2491,25,100.0,14,2534.75,2,91,2
2492,25,100.0,8,2580.25,2,91,2
2493,31,91.34,9,2831.54,2,91,2
2494,40,84.03,4,3361.2,2,91,1
2495,32,89.51,14,2864.32,2,91,2
2496,24,83.12,6,1994.88,2,91,2
2497,42,100.0,2,4296.6,2,91,1
2498,21,100.0,12,2224.95,2,91,2
2499,34,82.21,4,2795.14,2,91,2
2500,27,100.0,8,2762.1,2,91,2
2501,30,88.6,5,2658.0,2,91,2
2502,39,100.0,9,5043.87,2,91,1
2503,20,60.54,4,1210.8,2,91,2
2504,37,81.87,6,3029.19,2,91,1
2505,46,100.0,2,10066.6,2,91,0
2506,47,87.69,6,4121.43,2,91,1
2507,11,100.0,8,1135.31,2,91,2
2508,23,91.34,9,2100.82,2,91,2
2509,29,70.15,12,2034.35,3,86,2
2510,38,79.68,6,3027.84,3,86,1
2511,32,97.0,3,3104.0,3,86,1
2512,43,84.01,9,3612.43,3,86,1
2513,31,87.48,8,2711.88,3,86,2
2514,29,100.0,3,3013.97,3,86,1
2515,31,88.34,10,2738.54,3,86,2
2516,30,94.4,10,2832.0,3,86,2
2517,50,94.4,2,4720.0,3,86,1
2518,40,80.55,10,3222.0,3,86,1
2519,23,97.0,4,2231.0,3,86,2
2520,26,88.34,7,2296.84,3,86,2
2521,40,100.0,13,4157.2,3,86,1
2522,21,100.0,14,2146.2,3,86,2
2523,43,86.61,2,3724.23,3,86,1
2524,29,71.89,5,2084.81,3,86,2
2525,38,91.81,10,3488.78,3,86,1
2526,23,76.22,2,1753.06,3,86,2
2527,20,100.0,7,3469.2,3,86,1
2528,36,70.3,9,2530.8,3,86,2
2529,28,100.0,4,2924.32,3,86,2
2530,44,100.0,2,4496.8,3,86,1
2531,49,100.0,1,6397.44,3,86,1
2532,32,80.55,5,2577.6,3,86,2
2533,34,100.0,13,3533.62,3,86,1
2534,30,100.0,16,3177.3,3,90,1
2535,29,94.14,7,2730.06,3,90,2
2536,22,85.99,8,1891.78,3,90,2
2537,26,100.0,11,2612.48,3,90,2
2538,32,91.43,9,2925.76,3,90,2
2539,29,100.0,5,2940.02,3,90,2
2540,34,96.86,8,3293.24,3,90,1
2541,24,99.57,5,2389.68,3,90,2
2542,24,90.52,2,2172.48,3,90,2
2543,33,88.71,4,2927.43,3,90,2
2544,26,100.0,8,2659.54,3,90,2
2545,40,95.95,4,3838.0,3,90,1
2546,44,94.14,13,4142.16,3,90,1
2547,24,90.52,5,2172.48,3,90,2
2548,20,94.14,2,1882.8,3,90,2
2549,34,100.0,11,3477.86,3,90,1
2550,34,97.76,5,3323.84,3,90,1
2551,45,93.24,13,4195.8,3,90,1
2552,41,100.0,9,4156.58,3,90,1
2553,55,71.25,15,3918.75,3,90,1
2554,23,100.0,3,2352.67,3,90,2
2555,24,45.39,14,1089.36,3,90,2
2556,32,84.41,15,2701.12,3,90,2
2557,29,85.76,13,2487.04,3,90,2
2558,36,100.0,7,3910.32,3,90,1
2559,46,87.8,5,4038.8,3,90,1
2560,32,95.95,4,3070.4,3,90,1
2561,34,100.0,9,3763.46,2,99,1
2562,24,100.0,15,2584.8,2,99,2
2563,40,100.0,1,4427.6,2,99,1
2564,26,82.77,4,2152.02,2,99,2
2565,20,100.0,2,2353.4,2,99,2
2566,31,100.0,16,3431.39,2,99,1
2567,22,87.75,1,1930.5,2,99,2
2568,42,100.0,1,4774.56,2,99,1
2569,26,99.72,14,2592.72,2,99,2
2570,37,87.75,1,3246.75,2,99,1
2571,38,88.75,10,3372.5,2,99,1
2572,35,100.0,11,3909.15,2,99,1
2573,33,90.75,6,2994.75,2,99,2
2574,39,100.0,16,4472.52,2,99,1
2575,45,100.0,8,4576.95,2,99,1
2576,24,100.0,4,2441.04,2,99,2
2577,35,88.75,14,3106.25,2,99,1
2578,23,100.0,6,2706.41,2,99,2
2579,37,100.0,10,4021.53,2,99,1
2580,55,87.75,7,4826.25,2,99,1
2581,49,100.0,2,4935.28,2,99,1
2582,26,100.0,9,2754.7,2,99,2
2583,33,100.0,1,3856.71,2,99,1
2584,37,83.84,14,3102.08,2,99,1
2585,22,86.76,8,1908.72,2,99,2
2586,85,88.75,10,7543.75,2,99,0
2587,22,100.0,11,2457.18,2,99,2
2588,31,65.77,3,2038.87,3,72,2
2589,38,65.77,12,2499.26,3,72,2
2590,45,85.29,3,3838.05,3,72,1
2591,31,85.29,16,2643.99,3,72,2
2592,36,64.33,1,2315.88,3,72,2
2593,46,70.11,10,3225.06,3,72,1
2594,32,76.62,1,2451.84,3,72,2
2595,39,57.82,1,2254.98,3,72,2
2596,50,78.79,7,3939.5,3,72,1
2597,46,74.45,1,3424.7,3,72,1
2598,36,80.95,13,2914.2,3,72,2
2599,29,82.4,1,2389.6,3,72,2
2600,32,75.89,4,2428.48,3,72,2
2601,44,68.67,2,3021.48,3,72,1
2602,42,62.16,5,2610.72,3,72,2
2603,47,65.77,7,3091.19,3,72,1
2604,44,58.55,2,2576.2,3,72,2
2605,43,75.17,1,3232.31,3,72,1
2606,48,74.45,18,3573.6,3,72,1
2607,21,96.31,1,2022.51,3,72,2
2608,50,74.35,9,3717.5,3,72,1
2609,29,75.35,12,2185.15,3,72,2
2610,41,70.33,16,2883.53,3,72,2
2611,37,100.0,10,5017.57,3,72,1
2612,22,66.5,4,1463.0,3,72,2
2613,31,75.89,4,2352.59,3,72,2
2614,42,100.0,6,4460.82,0,101,1
2615,42,100.0,10,4758.18,0,101,1
2616,45,100.0,6,4597.2,0,101,1
2617,36,100.0,6,4114.8,0,101,1
2618,20,100.0,3,2104.0,0,101,2
2619,39,81.93,4,3195.27,0,101,1
2620,42,85.98,11,3611.16,0,101,1
2621,23,86.99,3,2000.77,0,101,2
2622,26,89.01,6,2314.26,0,101,2
2623,33,100.0,1,3871.89,0,101,1
2624,31,88.0,6,2728.0,0,101,2
2625,50,100.0,11,5614.0,0,101,1
2626,44,100.0,4,4628.8,0,101,1
2627,45,80.92,1,3641.4,0,101,1
2628,46,88.0,4,4048.0,0,101,1
2629,27,85.98,11,2321.46,0,101,2
2630,28,100.0,6,3256.96,0,101,1
2631,40,100.0,1,4208.0,0,101,1
2632,30,99.13,9,2973.9,0,101,2
2633,34,100.0,5,4248.3,0,101,1
2634,46,100.0,2,9558.8,0,101,0
2635,32,82.83,7,2650.56,0,101,2
2636,27,100.0,3,3761.37,0,101,1
2637,34,100.0,3,4301.34,0,101,1
2638,34,54.84,9,1864.56,0,101,2
2639,34,100.0,4,3576.8,0,101,1
2640,46,80.92,1,3722.32,0,101,1
2641,32,100.0,1,3986.56,2,118,1
2642,24,100.0,7,3417.12,2,118,1
2643,27,99.67,2,2691.09,2,118,2
2644,20,100.0,13,2752.6,2,118,2
2645,36,100.0,8,4527.72,2,118,1
2646,29,100.0,8,3957.05,2,118,1
2647,25,100.0,6,2818.0,2,118,2
2648,29,100.0,8,3199.86,2,118,1
2649,25,96.11,2,2402.75,2,118,2
2650,44,100.0,3,6055.72,2,118,1
2651,47,100.0,9,5465.16,2,118,1
2652,48,100.0,8,6378.72,2,118,1
2653,45,100.0,13,5392.8,2,118,1
2654,35,100.0,3,3986.5,2,118,1
2655,31,100.0,6,4009.23,2,118,1
2656,50,100.0,8,7119.0,2,118,0
2657,33,100.0,11,4072.2,2,118,1
2658,29,100.0,6,4094.51,2,118,1
2659,48,68.8,4,3302.4,2,118,1
2660,44,72.42,5,3186.48,2,118,1
2661,25,66.73,10,1668.25,2,118,2
2662,50,100.0,3,7154.5,2,118,0
2663,23,100.0,9,2810.83,2,118,2
2664,21,96.11,2,2018.31,2,118,2
2665,41,100.0,3,5642.83,2,118,1
2666,44,74.4,8,3273.6,2,80,1
2667,43,76.0,14,3268.0,2,80,1
2668,28,96.0,3,2688.0,2,80,2
2669,43,86.4,1,3715.2,2,80,1
2670,48,96.0,15,4608.0,2,80,1
2671,38,82.4,3,3131.2,2,80,1
2672,31,86.4,13,2678.4,2,80,2
2673,26,67.2,15,1747.2,2,80,2
2674,32,92.0,9,2944.0,2,80,2
2675,44,67.2,10,2956.8,2,80,2
2676,27,76.0,5,2052.0,2,80,2
2677,43,73.6,15,3164.8,2,80,1
2678,25,69.6,7,1740.0,2,80,2
2679,22,80.8,3,1777.6,2,80,2
2680,21,87.2,13,1831.2,2,80,2
2681,48,75.2,5,3609.6,2,80,1
2682,33,64.0,13,2112.0,2,80,2
2683,34,100.0,5,3644.12,2,80,1
2684,43,81.95,6,3523.85,2,80,1
2685,44,100.0,10,5001.92,2,80,1
2686,44,100.0,11,5208.72,2,80,1
2687,32,94.34,17,3018.88,2,80,1
2688,29,65.6,10,1902.4,2,80,2
2689,77,92.0,9,7084.0,2,80,0
2690,39,67.2,10,2620.8,2,80,2
2691,39,81.14,6,3164.46,3,100,1
2692,36,100.0,1,4219.2,3,100,1
2693,42,91.15,6,3828.3,3,100,1
2694,21,100.0,3,2334.99,3,100,2
2695,50,88.15,2,4407.5,3,100,1
2696,24,100.0,13,2812.8,3,100,2
2697,44,92.16,4,4055.04,3,100,1
2698,37,100.0,4,3891.66,3,100,1
2699,27,92.16,10,2488.32,3,100,2
2700,37,100.0,4,4447.4,3,100,1
2701,38,100.0,16,4187.22,3,100,1
2702,48,96.16,1,4615.68,3,100,1
2703,30,100.0,7,3245.4,3,100,1
2704,25,88.15,5,2203.75,3,100,2
2705,40,86.15,8,3446.0,3,100,1
2706,22,88.15,10,1939.3,3,100,2
2707,34,100.0,5,3473.78,3,100,1
2708,32,90.15,4,2884.8,3,100,2
2709,31,86.15,3,2670.65,3,100,2
2710,43,80.0,2,3440.0,3,100,1
2711,31,89.38,1,2770.78,3,100,2
2712,31,77.34,13,2397.54,3,100,2
2713,34,96.34,2,3275.56,3,100,1
2714,45,92.08,2,4143.6,3,100,1
2715,48,100.0,3,5192.64,3,100,1
2716,28,100.0,7,3029.04,3,100,1
2717,22,100.0,7,2556.18,3,99,2
2718,45,83.42,1,3753.9,3,99,1
2719,30,85.41,7,2562.3,3,99,2
2720,38,85.41,4,3245.58,3,99,1
2721,20,100.0,3,2204.6,3,99,2
2722,28,100.0,14,3003.0,3,99,1
2723,24,100.0,5,2526.48,3,99,2
2724,22,79.45,5,1747.9,3,99,2
2725,35,93.35,11,3267.25,3,99,1
2726,33,85.41,5,2818.53,3,99,2
2727,31,95.34,17,2955.54,3,99,2
2728,35,82.43,2,2885.05,3,99,2
2729,35,90.37,8,3162.95,3,99,1
2730,50,81.43,6,4071.5,3,99,1
2731,26,100.0,9,2969.46,3,99,2
2732,38,89.38,11,3396.44,3,99,1
2733,45,100.0,1,4692.6,3,99,1
2734,30,100.0,5,3515.7,3,99,1
2735,37,91.37,4,3380.69,3,99,1
2736,37,86.61,3,3204.57,3,99,1
2737,36,71.89,7,2588.04,3,99,2
2738,25,100.0,16,2854.75,3,99,2
2739,37,100.0,8,4025.6,3,99,1
2740,30,95.48,3,2864.4,3,99,2
2741,36,100.0,2,3789.72,3,99,1
2742,27,90.37,8,2439.99,3,99,2
2743,48,61.44,10,2949.12,2,74,2
2744,26,59.22,1,1539.72,2,74,2
2745,26,85.13,2,2213.38,2,74,2
2746,34,85.87,5,2919.58,2,74,2
2747,44,85.87,3,3778.28,2,74,1
2748,39,82.91,17,3233.49,2,74,1
2749,45,76.25,2,3431.25,2,74,1
2750,40,63.67,2,2546.8,2,74,2
2751,42,70.33,15,2953.86,2,74,2
2752,43,74.03,2,3183.29,2,74,1
2753,34,72.55,11,2466.7,2,74,2
2754,38,62.19,12,2363.22,2,74,2
2755,35,71.07,7,2487.45,2,74,2
2756,31,72.55,17,2249.05,2,74,2
2757,32,64.41,9,2061.12,2,74,2
2758,47,86.62,5,4071.14,2,74,1
2759,39,68.11,15,2656.29,2,74,2
2760,44,62.19,7,2736.36,2,74,2
2761,39,85.87,12,3348.93,2,74,1
2762,50,57.86,8,2893.0,2,74,2
2763,22,75.51,1,1661.22,2,74,2
2764,35,100.0,11,4277.35,2,74,1
2765,45,55.62,17,2502.9,2,74,2
2766,44,86.4,15,3801.6,2,74,1
2767,36,87.36,12,3144.96,2,74,1
2768,28,72.55,11,2031.4,2,74,2
2769,43,62.19,12,2674.17,2,74,2
2770,48,52.64,15,2526.72,2,49,2
2771,28,48.17,6,1348.76,2,49,2
2772,21,41.71,7,875.91,2,49,2
2773,37,50.65,10,1874.05,2,49,2
2774,34,49.16,8,1671.44,2,49,2
2775,40,41.71,4,1668.4,2,49,2
2776,45,51.15,7,2301.75,2,49,2
2777,28,52.14,4,1459.92,2,49,2
2778,29,41.71,1,1209.59,2,49,2
2779,48,44.69,3,2145.12,2,49,2
2780,31,45.69,7,1416.39,2,49,2
2781,32,57.61,3,1843.52,2,49,2
2782,21,57.11,12,1199.31,2,49,2
2783,32,58.6,4,1875.2,2,49,2
2784,43,57.61,1,2477.23,2,49,2
2785,21,45.19,10,948.99,2,49,2
2786,34,53.63,4,1823.42,2,49,2
2787,34,43.7,12,1485.8,2,49,2
2788,44,86.13,8,3789.72,2,49,1
2789,27,76.31,6,2060.37,2,49,2
2790,49,52.64,4,2579.36,2,49,2
2791,23,95.2,12,2189.6,2,49,2
2792,25,64.97,9,1624.25,2,49,2
2793,50,87.15,16,4357.5,2,49,1
2794,34,40.22,1,1367.48,2,49,2
2795,20,56.12,4,1122.4,2,49,2
2796,42,57.61,3,2419.62,2,49,2
2797,25,56.78,8,1419.5,3,54,2
2798,50,43.68,2,2184.0,3,54,2
2799,32,64.97,8,2079.04,3,54,2
2800,39,44.23,5,1724.97,3,54,2
2801,50,60.06,4,3003.0,3,54,1
2802,38,48.59,15,1846.42,3,54,2
2803,40,50.23,6,2009.2,3,54,2
2804,28,64.43,6,1804.04,3,54,2
2805,42,50.23,12,2109.66,3,54,2
2806,42,63.88,6,2682.96,3,54,2
2807,36,63.34,18,2280.24,3,54,2
2808,24,49.69,3,1192.56,3,54,2
2809,23,65.52,9,1506.96,3,54,2
2810,29,50.78,7,1472.62,3,54,2
2811,37,45.86,10,1696.82,3,54,2
2812,33,51.32,12,1693.56,3,54,2
2813,32,60.06,1,1921.92,3,54,2
2814,35,59.51,6,2082.85,3,54,2
2815,40,55.69,5,2227.6,3,54,2
2816,37,86.74,4,3209.38,3,54,1
2817,42,97.16,5,4080.72,3,54,1
2818,20,100.0,15,2244.4,3,54,2
2819,29,100.0,1,3978.51,3,54,1
2820,43,100.0,4,5417.57,3,54,1
2821,34,62.24,1,2116.16,3,54,2
2822,47,65.52,9,3079.44,3,54,1
